Country Name,Country Code,Year,female_male_ratio,gdp_per_capita,num_holidays,school_days,total_non_work_days,calendar_intensity
Afghanistan,AFG,2010,19.8475617527849,1765.53802830615,14.0,16.0,30.0,0.0821917808219178
Albania,ALB,2010,73.2540861812779,9754.84278665039,26.0,99.0,125.0,0.3424657534246575
Algeria,DZA,2010,20.266509235051,14201.3659906969,10.0,62.0,72.0,0.19726027397260273
Angola,AGO,2010,95.7349031522978,7411.65460883624,12.0,45.0,57.0,0.15616438356164383
Argentina,ARG,2010,65.0476034590938,17847.6110373178,24.0,15.0,39.0,0.10684931506849316
Armenia,ARM,2010,76.1723399190669,7095.21267979009,31.0,99.0,130.0,0.3561643835616438
Australia,AUS,2010,80.9972115623533,39504.361082784,28.0,15.0,43.0,0.1178082191780822
Austria,AUT,2010,80.605805637358,41735.4574798744,23.0,63.0,86.0,0.2356164383561644
Azerbaijan,AZE,2010,96.3067358180588,14930.4099928423,29.0,5.0,34.0,0.09315068493150686
"Bahamas, The",BHS,2010,88.5459917976412,29624.975385096,20.0,10.0,30.0,0.0821917808219178
Bahrain,BHR,2010,50.1484089183406,49254.5770084238,17.0,67.0,84.0,0.23013698630136986
Bangladesh,BGD,2010,43.4845589219851,2833.69544368864,30.0,15.0,45.0,0.1232876712328767
Barbados,BRB,2010,87.1238656803213,20032.5818570838,22.0,66.0,88.0,0.2410958904109589
Belarus,BLR,2010,82.8611018894069,15339.0999035972,22.0,10.0,32.0,0.08767123287671233
Belgium,BEL,2010,78.4479219691621,39839.9772772918,20.0,62.0,82.0,0.22465753424657534
Belize,BLZ,2010,56.973917447455,9747.8256219459,15.0,64.0,79.0,0.21643835616438356
Benin,BEN,2010,92.4513660324851,2220.32854611489,15.0,81.0,96.0,0.26301369863013696
Bhutan,BTN,2010,87.7213155634369,7245.77263522404,17.0,30.0,47.0,0.12876712328767123
Bolivia,BOL,2010,72.9587834931559,6245.33863197671,19.0,15.0,34.0,0.09315068493150686
Bosnia and Herzegovina,BIH,2010,63.2812991754264,9085.74294205836,17.0,84.0,101.0,0.27671232876712326
Botswana,BWA,2010,79.9643183760364,12753.3066340117,16.0,15.0,31.0,0.08493150684931507
Brazil,BRA,2010,70.8572531857382,14451.7158388109,21.0,38.0,59.0,0.16164383561643836
Brunei Darussalam,BRN,2010,75.6227710650982,79542.677943168,21.0,8.0,29.0,0.07945205479452055
Bulgaria,BGR,2010,80.2211075508732,14954.2543206827,19.0,66.0,85.0,0.2328767123287671
Burkina Faso,BFA,2010,87.9279342805768,1449.42216382921,14.0,59.0,73.0,0.2
Burundi,BDI,2010,102.224600861469,613.695880049889,14.0,57.0,71.0,0.19452054794520549
Cabo Verde,CPV,2010,76.73184441056,6038.58525655665,11.0,80.0,91.0,0.2493150684931507
Cambodia,KHM,2010,91.7438959690255,2988.50401439457,26.0,59.0,85.0,0.2328767123287671
Cameroon,CMR,2010,85.8561126540954,2913.94292755606,15.0,59.0,74.0,0.20273972602739726
Canada,CAN,2010,86.2185740565249,40103.1114399673,56.0,68.0,124.0,0.33972602739726027
Central African Republic,CAF,2010,82.2958024321422,936.485497371468,14.0,8.0,22.0,0.06027397260273973
Chad,TCD,2010,71.8800128328521,2319.68883187561,14.0,57.0,71.0,0.19452054794520549
Chile,CHL,2010,63.1184751128174,17917.8951217097,16.0,11.0,27.0,0.07397260273972603
China,CHN,2010,81.5377325871762,9411.13821903204,52.0,29.0,81.0,0.2219178082191781
Colombia,COL,2010,67.7629448830664,10841.1279801312,32.0,15.0,47.0,0.12876712328767123
Comoros,COM,2010,60.2341877189747,2372.41233989712,13.0,60.0,73.0,0.2
"Congo, Dem. Rep.",COD,2010,91.7323112044305,605.785160280927,19.0,61.0,80.0,0.2191780821917808
"Congo, Rep.",COG,2010,98.1164633968003,5125.06991343643,12.0,66.0,78.0,0.2136986301369863
Costa Rica,CRI,2010,58.8746379809681,12927.564593015,19.0,11.0,30.0,0.0821917808219178
Cote d'Ivoire,CIV,2010,82.3392307063217,3360.54408826055,14.0,39.0,53.0,0.14520547945205478
Croatia,HRV,2010,77.0953369958462,20139.2955371548,14.0,8.0,22.0,0.06027397260273973
Cyprus,CYP,2010,82.115679482083,33502.1640625,19.0,36.0,55.0,0.1506849315068493
Czechia,CZE,2010,72.4518027961737,28153.8518610007,18.0,64.0,82.0,0.22465753424657534
Denmark,DNK,2010,86.2285781131192,43037.5989192487,19.0,8.0,27.0,0.07397260273972603
Dominican Republic,DOM,2010,57.8352046410281,11245.6811892201,17.0,57.0,74.0,0.20273972602739726
Ecuador,ECU,2010,61.8109019749208,8968.94040838943,17.0,57.0,74.0,0.20273972602739726
"Egypt, Arab Rep.",EGY,2010,30.790270327686,8837.76450033703,23.0,87.0,110.0,0.3013698630136986
El Salvador,SLV,2010,60.2445641489403,6247.91452716829,21.0,66.0,87.0,0.23835616438356164
Equatorial Guinea,GNQ,2010,80.3924271666207,26167.8268525276,12.0,78.0,90.0,0.2465753424657534
Eritrea,ERI,2010,85.7443346891342,1599.19106106457,17.0,67.0,84.0,0.23013698630136986
Estonia,EST,2010,82.2330401541058,21614.3068307361,12.0,82.0,94.0,0.25753424657534246
Eswatini,SWZ,2010,79.1383686629622,7324.46393085837,12.0,22.0,34.0,0.09315068493150686
Ethiopia,ETH,2010,83.7085734870317,995.653978578747,13.0,77.0,90.0,0.2465753424657534
Fiji,FJI,2010,54.8454380815587,7339.47685170287,9.0,15.0,24.0,0.06575342465753424
Finland,FIN,2010,87.6174196684806,38946.228265358,15.0,8.0,23.0,0.06301369863013699
France,FRA,2010,82.6144615334854,35907.5531031574,19.0,57.0,76.0,0.20821917808219179
Gabon,GAB,2010,69.1349708087194,14014.6905491122,15.0,85.0,100.0,0.273972602739726
"Gambia, The",GMB,2010,89.7051582534024,2266.82898238442,13.0,66.0,79.0,0.21643835616438356
Georgia,GEO,2010,78.8117674697852,7711.80683889487,21.0,92.0,113.0,0.3095890410958904
Germany,DEU,2010,78.907599633463,39726.098692395,52.0,15.0,67.0,0.18356164383561643
Ghana,GHA,2010,88.5966523244832,3855.46891716757,21.0,13.0,34.0,0.09315068493150686
Greece,GRC,2010,68.4848388834321,27838.73639086,12.0,83.0,95.0,0.2602739726027397
Guatemala,GTM,2010,51.9585311016737,6510.09980949963,15.0,8.0,23.0,0.06301369863013699
Guinea,GIN,2010,81.3491276007877,1621.69161141242,12.0,59.0,71.0,0.19452054794520549
Guinea-Bissau,GNB,2010,77.9659124220048,1369.68917066121,9.0,50.0,59.0,0.16164383561643836
Guyana,GUY,2010,53.0204423321001,9336.59830212594,18.0,15.0,33.0,0.09041095890410959
Haiti,HTI,2010,85.6129642973198,2694.91104137315,20.0,66.0,86.0,0.2356164383561644
Honduras,HND,2010,52.5449618132545,3757.5464206245,20.0,64.0,84.0,0.23013698630136986
"Hong Kong SAR, China",HKG,2010,75.6393418431344,49197.6469338098,27.0,78.0,105.0,0.2876712328767123
Hungary,HUN,2010,80.3313984532442,21690.9866477738,14.0,8.0,22.0,0.06027397260273973
Iceland,ISL,2010,89.3817204301075,39763.988895791,24.0,76.0,100.0,0.273972602739726
India,IND,2010,35.6788713301284,4206.45986002117,54.0,34.0,88.0,0.2410958904109589
Indonesia,IDN,2010,61.9077692896268,8353.45684733249,20.0,33.0,53.0,0.14520547945205478
"Iran, Islamic Rep.",IRN,2010,22.1176883071349,18627.815202271,16.0,88.0,104.0,0.28493150684931506
Iraq,IRQ,2010,16.7538102124819,12186.1929623841,21.0,73.0,94.0,0.25753424657534246
Ireland,IRL,2010,78.7341988627457,43212.2040003212,13.0,85.0,98.0,0.2684931506849315
Israel,ISR,2010,82.8792708077938,29455.9546732511,46.0,64.0,110.0,0.3013698630136986
Italy,ITA,2010,64.2355694227769,34974.1045135807,19.0,93.0,112.0,0.30684931506849317
Jamaica,JAM,2010,75.9455655983867,8521.28876417328,18.0,57.0,75.0,0.2054794520547945
Japan,JPN,2010,67.6169028269293,35336.0080490032,26.0,43.0,69.0,0.18904109589041096
Jordan,JOR,2010,23.1498079385403,9416.64386806071,14.0,81.0,95.0,0.2602739726027397
Kazakhstan,KAZ,2010,87.0946141120244,18641.8061477073,19.0,8.0,27.0,0.07397260273972603
Kenya,KEN,2010,93.0039267015707,2634.89271323826,16.0,22.0,38.0,0.10410958904109589
"Korea, Rep.",KOR,2010,70.3509987136173,33120.351934563,22.0,39.0,61.0,0.16712328767123288
Kuwait,KWT,2010,56.3745827372437,75184.0865924781,15.0,52.0,67.0,0.18356164383561643
Kyrgyz Republic,KGZ,2010,69.6643059298279,3075.61554332455,16.0,99.0,115.0,0.3150684931506849
Lao PDR,LAO,2010,88.2566473271074,3772.26605172404,9.0,66.0,75.0,0.2054794520547945
Latvia,LVA,2010,82.56373219417,16373.4037320495,20.0,92.0,112.0,0.30684931506849317
Lebanon,LBN,2010,33.9049288972763,14703.6153215084,28.0,83.0,111.0,0.3041095890410959
Lesotho,LSO,2010,79.2421439314283,2152.91528289768,11.0,61.0,72.0,0.19726027397260273
Liberia,LBR,2010,86.8479326242422,980.1181397741,11.0,43.0,54.0,0.14794520547945206
Libya,LBY,2010,54.2276603869654,30234.0918728805,12.0,-174.0,-162.0,-0.4438356164383562
Lithuania,LTU,2010,84.560547032864,18718.9043711358,21.0,92.0,113.0,0.3095890410958904
Luxembourg,LUX,2010,74.6063262718983,90336.0184704033,13.0,8.0,21.0,0.057534246575342465
"Macao SAR, China",MAC,2010,84.5326336503772,99835.0846406553,21.0,64.0,85.0,0.2328767123287671
Madagascar,MDG,2010,94.1823528751501,1463.87646786391,13.0,89.0,102.0,0.27945205479452057
Malawi,MWI,2010,88.7604512944495,1457.60568309596,13.0,50.0,63.0,0.1726027397260274
Malaysia,MYS,2010,58.0794066543917,20193.4092945433,48.0,38.0,86.0,0.2356164383561644
Maldives,MDV,2010,56.2753534111862,12797.3279262916,14.0,46.0,60.0,0.1643835616438356
Mali,MLI,2010,75.1247930489338,2011.67894612475,12.0,62.0,74.0,0.20273972602739726
Malta,MLT,2010,51.0531087890364,28909.1940252237,19.0,88.0,107.0,0.29315068493150687
Mauritania,MRT,2010,44.5612727626207,3177.84436561165,8.0,57.0,65.0,0.1780821917808219
Mauritius,MUS,2010,58.0206372725695,15919.6622762525,13.0,29.0,42.0,0.11506849315068493
Mexico,MEX,2010,54.1850664917106,15909.1464963628,37.0,50.0,87.0,0.23835616438356164
Moldova,MDA,2010,97.6968507004503,6323.06287905206,32.0,8.0,40.0,0.1095890410958904
Mongolia,MNG,2010,82.3483886945485,7531.62557442648,26.0,85.0,111.0,0.3041095890410959
Montenegro,MNE,2010,74.731810749133,13612.2915551291,9.0,81.0,90.0,0.2465753424657534
Morocco,MAR,2010,34.6358262378654,6848.66748046875,15.0,22.0,37.0,0.10136986301369863
Mozambique,MOZ,2010,101.139060855947,1000.2411486648,10.0,75.0,85.0,0.2328767123287671
Myanmar,MMR,2010,65.1130263854238,3348.12889497049,20.0,20.0,40.0,0.1095890410958904
Namibia,NAM,2010,83.6489392431877,8538.19995395948,15.0,22.0,37.0,0.10136986301369863
Nepal,NPL,2010,42.0775940054961,2139.22749384013,43.0,23.0,66.0,0.18082191780821918
Netherlands,NLD,2010,82.6015457983884,45301.269581608,17.0,43.0,60.0,0.1643835616438356
New Zealand,NZL,2010,82.8054603825505,31305.3299504124,36.0,15.0,51.0,0.13972602739726028
Nicaragua,NIC,2010,52.8063588622484,4042.22071276517,16.0,15.0,31.0,0.08493150684931507
Niger,NER,2010,75.9946787872069,1057.51100257385,14.0,62.0,76.0,0.20821917808219179
Nigeria,NGA,2010,88.5863449155984,6301.18372544791,19.0,46.0,65.0,0.1780821917808219
North Macedonia,MKD,2010,61.2507710129229,11992.1816944788,22.0,85.0,107.0,0.29315068493150687
Norway,NOR,2010,89.9047001437957,58213.1333665855,29.0,13.0,42.0,0.11506849315068493
Oman,OMN,2010,32.8317204168007,55667.4687778644,10.0,85.0,95.0,0.2602739726027397
Pakistan,PAK,2010,28.010321465343,3785.70113530595,22.0,85.0,107.0,0.29315068493150687
Panama,PAN,2010,59.2780093160088,15572.5786985323,20.0,78.0,98.0,0.2684931506849315
Papua New Guinea,PNG,2010,97.3433256417063,2911.8920318969,10.0,46.0,56.0,0.15342465753424658
Paraguay,PRY,2010,64.3617344028737,10893.3149199478,10.0,11.0,21.0,0.057534246575342465
Peru,PER,2010,83.2310483917571,9713.35863309362,20.0,31.0,51.0,0.13972602739726028
Philippines,PHL,2010,64.0186791549146,5489.23543457601,24.0,19.0,43.0,0.1178082191780822
Poland,POL,2010,76.1699209923486,20990.9122325468,19.0,76.0,95.0,0.2602739726027397
Portugal,PRT,2010,83.0927436156914,27292.0819531528,17.0,97.0,114.0,0.31232876712328766
Qatar,QAT,2010,52.9665171586523,151646.145163851,9.0,63.0,72.0,0.19726027397260273
Romania,ROU,2010,70.4181524591267,17354.6748476713,23.0,85.0,108.0,0.2958904109589041
Russian Federation,RUS,2010,79.3155688961885,20490.126953125,19.0,94.0,113.0,0.3095890410958904
Rwanda,RWA,2010,78.8032720074523,1314.13559494324,18.0,22.0,40.0,0.1095890410958904
Samoa,WSM,2010,61.1704872116164,5229.04191199124,11.0,43.0,54.0,0.14794520547945206
Sao Tome and Principe,STP,2010,89.6316453699322,2858.56899092769,7.0,78.0,85.0,0.2328767123287671
Saudi Arabia,SAU,2010,25.1656007309274,58828.726534911,20.0,73.0,93.0,0.2547945205479452
Senegal,SEN,2010,53.3347079255817,2662.50486626479,14.0,88.0,102.0,0.27945205479452057
Serbia,SRB,2010,71.5101957027508,13320.0282376797,15.0,78.0,93.0,0.2547945205479452
Sierra Leone,SLE,2010,98.4864582141515,1900.38515206703,8.0,75.0,83.0,0.2273972602739726
Singapore,SGP,2010,74.4173928901742,75400.5557984177,31.0,29.0,60.0,0.1643835616438356
Slovak Republic,SVK,2010,74.6283639155017,25381.7112298749,30.0,64.0,94.0,0.25753424657534246
Slovenia,SVN,2010,80.7837891248499,27579.428605763,17.0,68.0,85.0,0.2328767123287671
Solomon Islands,SLB,2010,95.8614521505814,2182.21603858837,21.0,29.0,50.0,0.136986301369863
"Somalia, Fed. Rep.",SOM,2010,42.443835842102,815.131435994874,11.0,91.0,102.0,0.27945205479452057
South Africa,ZAF,2010,73.7008496344596,12637.2912226018,24.0,6.0,30.0,0.0821917808219178
South Sudan,SSD,2010,94.9502819337885,2948.0500149385,15.0,41.0,56.0,0.15342465753424658
Spain,ESP,2010,76.8719618249119,31804.6746571689,57.0,80.0,137.0,0.37534246575342467
Sri Lanka,LKA,2010,45.7736988221342,8233.62663813947,28.0,18.0,46.0,0.12602739726027398
St. Lucia,LCA,2010,83.5789733939535,12717.7865966902,12.0,74.0,86.0,0.2356164383561644
Sudan,SDN,2010,38.6075146870289,3805.62744140625,14.0,45.0,59.0,0.16164383561643836
Suriname,SUR,2010,62.711838222799,13039.4491198099,13.0,71.0,84.0,0.23013698630136986
Sweden,SWE,2010,87.3653803421969,41951.4533673936,15.0,71.0,86.0,0.2356164383561644
Switzerland,CHE,2010,80.7471882903729,54426.2828092789,31.0,22.0,53.0,0.14520547945205478
Tajikistan,TJK,2010,49.4627962456684,2291.07823631732,10.0,78.0,88.0,0.2410958904109589
Tanzania,TZA,2010,94.4115594967478,2069.40185546875,17.0,61.0,78.0,0.2136986301369863
Thailand,THA,2010,79.5982901709829,12932.2633444457,32.0,30.0,62.0,0.16986301369863013
Timor-Leste,TLS,2010,84.605716159353,1955.32940794731,14.0,21.0,35.0,0.0958904109589041
Togo,TGO,2010,91.5027731604154,1537.05369658593,14.0,71.0,85.0,0.2328767123287671
Tonga,TON,2010,62.4127474539421,4465.46050009263,13.0,43.0,56.0,0.15342465753424658
Trinidad and Tobago,TTO,2010,68.8041228960445,30778.3127370297,19.0,57.0,76.0,0.20821917808219179
Tunisia,TUN,2010,35.129084365347,10555.0887033221,10.0,80.0,90.0,0.2465753424657534
Turkiye,TUR,2010,39.0165192914617,17466.2641738935,17.0,92.0,109.0,0.29863013698630136
Turkmenistan,TKM,2010,83.2960521152186,8971.61628736812,23.0,78.0,101.0,0.27671232876712326
Uganda,UGA,2010,92.8403524668742,2091.55963145331,15.0,22.0,37.0,0.10136986301369863
Ukraine,UKR,2010,84.1920545941994,8453.2998046875,27.0,8.0,35.0,0.0958904109589041
United Arab Emirates,ARE,2010,47.0013488173175,85120.1974687752,13.0,28.0,41.0,0.11232876712328767
United Kingdom,GBR,2010,81.0618668068086,36483.5682802621,28.0,50.0,78.0,0.2136986301369863
United States,USA,2010,82.0894883322629,48642.6312088213,104.0,70.0,174.0,0.4767123287671233
Uruguay,URY,2010,73.6173864078191,17872.5369682924,6.0,74.0,80.0,0.2191780821917808
Uzbekistan,UZB,2010,54.2043462533738,5504.8563793137,9.0,8.0,17.0,0.04657534246575343
Vanuatu,VUT,2010,82.1294931398118,2733.45922588718,16.0,11.0,27.0,0.07397260273972603
"Venezuela, RB",VEN,2010,63.1321038094874,20235.7105360063,26.0,46.0,72.0,0.19726027397260273
Viet Nam,VNM,2010,88.3027833515935,5389.21956993674,18.0,66.0,84.0,0.23013698630136986
Virgin Islands (U.S.),VIR,2010,92.7830330211771,41607.5668567026,24.0,69.0,93.0,0.2547945205479452
West Bank and Gaza,PSE,2010,21.0775331190483,4120.86066344952,10.0,82.0,92.0,0.25205479452054796
"Yemen, Rep.",YEM,2010,14.4346593784796,3603.03505664196,15.0,69.0,84.0,0.23013698630136986
Zambia,ZMB,2010,76.7318389930354,3097.66400499243,14.0,25.0,39.0,0.10684931506849316
Zimbabwe,ZWE,2010,83.6924989639453,2661.36483256213,13.0,36.0,49.0,0.13424657534246576
Afghanistan,AFG,2011,20.3211906558069,1744.06062321558,16.0,16.0,32.0,0.08767123287671233
Albania,ALB,2011,77.7196173239291,10273.4199783271,26.0,99.0,125.0,0.3424657534246575
Algeria,DZA,2011,20.7017692972391,14639.8779436268,10.0,62.0,72.0,0.19726027397260273
Angola,AGO,2011,93.6995456764165,7537.59656403345,13.0,45.0,58.0,0.1589041095890411
Argentina,ARG,2011,64.809883618767,19104.9909405228,26.0,15.0,41.0,0.11232876712328767
Armenia,ARM,2011,75.989068740803,7624.26772626905,31.0,99.0,130.0,0.3561643835616438
Australia,AUS,2011,81.5608824424945,42152.816179831,29.0,15.0,44.0,0.12054794520547946
Austria,AUT,2011,81.3604826546003,44171.5618687028,23.0,63.0,86.0,0.2356164383561644
Azerbaijan,AZE,2011,94.0560215223928,14804.5744507911,30.0,5.0,35.0,0.0958904109589041
"Bahamas, The",BHS,2011,88.8958394505368,30073.6769305961,21.0,10.0,31.0,0.08493150684931507
Bahrain,BHR,2011,49.2345227908698,52677.4511190668,17.0,67.0,84.0,0.23013698630136986
Bangladesh,BGD,2011,42.6648311485795,3051.26983271811,30.0,15.0,45.0,0.1232876712328767
Barbados,BRB,2011,87.4433912227496,20316.2925356846,23.0,66.0,89.0,0.24383561643835616
Belarus,BLR,2011,82.8301346319106,16563.2014078209,22.0,10.0,32.0,0.08767123287671233
Belgium,BEL,2011,78.741223671013,41244.8495035213,20.0,62.0,82.0,0.22465753424657534
Belize,BLZ,2011,57.6526345135211,9721.88084559988,17.0,64.0,81.0,0.2219178082191781
Benin,BEN,2011,93.7123772842964,2264.84186926384,15.0,81.0,96.0,0.26301369863013696
Bhutan,BTN,2011,86.9871043376319,7935.46760973088,16.0,30.0,46.0,0.12602739726027398
Bolivia,BOL,2011,72.9970062918612,6597.96217604867,20.0,15.0,35.0,0.0958904109589041
Bosnia and Herzegovina,BIH,2011,62.5918640333622,9761.47624447272,19.0,84.0,103.0,0.2821917808219178
Botswana,BWA,2011,80.5011816114505,13635.4267666146,19.0,15.0,34.0,0.09315068493150686
Brazil,BRA,2011,69.780814415918,15211.7920390047,22.0,38.0,60.0,0.1643835616438356
Brunei Darussalam,BRN,2011,76.2175660697355,82735.3914480561,19.0,8.0,27.0,0.07397260273972603
Bulgaria,BGR,2011,80.9647151654459,15747.3476582908,19.0,66.0,85.0,0.2328767123287671
Burkina Faso,BFA,2011,87.8589355359436,1531.34338243982,14.0,59.0,73.0,0.2
Burundi,BDI,2011,102.80671856643,628.665448296178,14.0,57.0,71.0,0.19452054794520549
Cabo Verde,CPV,2011,77.0005838935218,6384.22844090415,11.0,80.0,91.0,0.2493150684931507
Cambodia,KHM,2011,91.5478148036287,3223.10209351638,27.0,59.0,86.0,0.2356164383561644
Cameroon,CMR,2011,85.9967885375494,2988.8172872551,16.0,59.0,75.0,0.2054794520547945
Canada,CAN,2011,85.9675057527369,41666.8374590278,57.0,68.0,125.0,0.3424657534246575
Central African Republic,CAF,2011,81.9131992832968,980.185520951852,14.0,8.0,22.0,0.06027397260273973
Chad,TCD,2011,71.3713686813039,2388.16512149441,14.0,57.0,71.0,0.19452054794520549
Chile,CHL,2011,65.3532681310459,20121.6834214209,16.0,11.0,27.0,0.07397260273972603
China,CHN,2011,81.72377052337,10456.7916826113,50.0,29.0,79.0,0.21643835616438356
Colombia,COL,2011,68.1382457619762,11707.4614624747,32.0,15.0,47.0,0.12876712328767123
Comoros,COM,2011,59.6390049823883,2471.78724731502,13.0,60.0,73.0,0.2
"Congo, Dem. Rep.",COD,2011,90.6786648470374,643.764679093976,20.0,61.0,81.0,0.2219178082191781
"Congo, Rep.",COG,2011,97.722135534394,5175.20439089036,12.0,66.0,78.0,0.2136986301369863
Costa Rica,CRI,2011,61.6996986632329,13614.2603998924,19.0,11.0,30.0,0.0821917808219178
Cote d'Ivoire,CIV,2011,84.543589884779,3175.9192237076,16.0,39.0,55.0,0.1506849315068493
Croatia,HRV,2011,74.3928141308711,21190.7130553097,14.0,8.0,22.0,0.06027397260273973
Cyprus,CYP,2011,82.1187892632781,33405.9765625,19.0,36.0,55.0,0.1506849315068493
Czechia,CZE,2011,73.2658017889935,29237.1870959847,18.0,64.0,82.0,0.22465753424657534
Denmark,DNK,2011,86.6363663193932,44443.7163844726,19.0,8.0,27.0,0.07397260273972603
Dominican Republic,DOM,2011,59.8396491468512,11694.6641852303,17.0,57.0,74.0,0.20273972602739726
Ecuador,ECU,2011,61.2737758914739,9768.69201080404,18.0,57.0,75.0,0.2054794520547945
"Egypt, Arab Rep.",EGY,2011,30.1216252338947,8988.10781880653,24.0,87.0,111.0,0.3041095890410959
El Salvador,SLV,2011,59.8252529234003,6593.67806808022,22.0,66.0,88.0,0.2410958904109589
Equatorial Guinea,GNQ,2011,80.2497525317901,27241.6000370603,14.0,78.0,92.0,0.25205479452054796
Eritrea,ERI,2011,85.996266915539,1742.32363018235,17.0,67.0,84.0,0.23013698630136986
Estonia,EST,2011,81.8595272438256,24652.3610297918,12.0,82.0,94.0,0.25753424657534246
Eswatini,SWZ,2011,80.0643420506434,7570.9966142438,12.0,22.0,34.0,0.09315068493150686
Ethiopia,ETH,2011,83.821489392897,1098.11515728787,13.0,77.0,90.0,0.2465753424657534
Fiji,FJI,2011,56.9316173358891,7671.88103769569,9.0,15.0,24.0,0.06575342465753424
Finland,FIN,2011,86.9422132106371,40845.9566729849,15.0,8.0,23.0,0.06301369863013699
France,FRA,2011,82.8957849049856,37510.3759898714,19.0,57.0,76.0,0.20821917808219179
Gabon,GAB,2011,69.4907367514003,14784.3483551883,15.0,85.0,100.0,0.273972602739726
"Gambia, The",GMB,2011,86.8769212809837,2064.253852883,13.0,66.0,79.0,0.21643835616438356
Georgia,GEO,2011,78.4998489604539,8563.83554915647,21.0,92.0,113.0,0.3095890410958904
Germany,DEU,2011,80.8751562241195,43398.3443992496,52.0,15.0,67.0,0.18356164383561643
Ghana,GHA,2011,88.4137623463672,4381.12535523694,18.0,13.0,31.0,0.08493150684931507
Greece,GRC,2011,69.6937339222443,25692.5740851321,12.0,83.0,95.0,0.2602739726027397
Guatemala,GTM,2011,47.9973185855539,6784.44712953621,15.0,8.0,23.0,0.06301369863013699
Guinea,GIN,2011,79.6296579458402,1705.27110438049,12.0,59.0,71.0,0.19452054794520549
Guinea-Bissau,GNB,2011,78.1991913708922,1471.76279879072,9.0,50.0,59.0,0.16164383561643836
Guyana,GUY,2011,54.3537563424082,10066.0729753598,20.0,15.0,35.0,0.0958904109589041
Haiti,HTI,2011,86.4418542070899,2858.19645979435,20.0,66.0,86.0,0.2356164383561644
Honduras,HND,2011,49.728638933106,3900.71136173338,20.0,64.0,84.0,0.23013698630136986
"Hong Kong SAR, China",HKG,2011,77.3249198303507,52277.4664432843,28.0,78.0,106.0,0.29041095890410956
Hungary,HUN,2011,80.2817867059751,22992.2184657584,14.0,8.0,22.0,0.06027397260273973
Iceland,ISL,2011,89.4266491337819,40936.867830513,24.0,76.0,100.0,0.273972602739726
India,IND,2011,34.8133937473969,4454.70153200513,57.0,34.0,91.0,0.2493150684931507
Indonesia,IDN,2011,61.4517800756864,8936.99215549454,18.0,33.0,51.0,0.13972602739726028
"Iran, Islamic Rep.",IRN,2011,20.381392141283,19275.4376880063,25.0,88.0,113.0,0.3095890410958904
Iraq,IRQ,2011,16.7073937024366,12912.0299790146,21.0,73.0,94.0,0.25753424657534246
Ireland,IRL,2011,79.422226077904,45525.7181239042,13.0,85.0,98.0,0.2684931506849315
Israel,ISR,2011,82.5090993124964,31313.9334997029,45.0,64.0,109.0,0.29863013698630136
Italy,ITA,2011,65.0318591024787,36392.2827759493,20.0,93.0,113.0,0.3095890410958904
Jamaica,JAM,2011,75.9978635254717,8809.36100077931,17.0,57.0,74.0,0.20273972602739726
Japan,JPN,2011,67.6514032496307,36214.4397740241,25.0,43.0,68.0,0.1863013698630137
Jordan,JOR,2011,23.4079844206426,9631.9289925536,14.0,81.0,95.0,0.2602739726027397
Kazakhstan,KAZ,2011,86.9977135949121,20159.9329426413,19.0,8.0,27.0,0.07397260273972603
Kenya,KEN,2011,92.8660041526829,2750.28663787693,16.0,22.0,38.0,0.10410958904109589
"Korea, Rep.",KOR,2011,70.2765009347896,33944.2511879769,22.0,39.0,61.0,0.16712328767123288
Kuwait,KWT,2011,56.6501941404871,79036.7857441182,14.0,52.0,66.0,0.18082191780821918
Kyrgyz Republic,KGZ,2011,69.4505143100783,3278.35102220086,14.0,99.0,113.0,0.3095890410958904
Lao PDR,LAO,2011,88.1545824657364,4099.78457330741,9.0,66.0,75.0,0.2054794520547945
Latvia,LVA,2011,80.9204086626698,17680.4939630507,20.0,92.0,112.0,0.30684931506849317
Lebanon,LBN,2011,34.7125790167138,14974.553438993,28.0,83.0,111.0,0.3041095890410959
Lesotho,LSO,2011,78.6411793033335,2278.50142791066,11.0,61.0,72.0,0.19726027397260273
Liberia,LBR,2011,87.2529260356466,1040.76141404018,12.0,43.0,55.0,0.1506849315068493
Libya,LBY,2011,53.8019270257463,15698.0519072612,12.0,-174.0,-162.0,-0.4438356164383562
Lithuania,LTU,2011,83.4981145229268,21557.6567458052,21.0,92.0,113.0,0.3095890410958904
Luxembourg,LUX,2011,76.8307826032968,94475.0302265023,13.0,8.0,21.0,0.057534246575342465
"Macao SAR, China",MAC,2011,85.8604979047271,121085.679344582,21.0,64.0,85.0,0.2328767123287671
Madagascar,MDG,2011,94.0946649901204,1475.17055178114,13.0,89.0,102.0,0.27945205479452057
Malawi,MWI,2011,87.6671468087547,1516.2111831915,13.0,50.0,63.0,0.1726027397260274
Malaysia,MYS,2011,58.6312682838429,21324.3594996498,50.0,38.0,88.0,0.2410958904109589
Maldives,MDV,2011,56.4014579615989,13726.3262093446,14.0,46.0,60.0,0.1643835616438356
Mali,MLI,2011,74.9167536404751,2046.22567064388,12.0,62.0,74.0,0.20273972602739726
Malta,MLT,2011,52.64880071069,29425.9062422677,19.0,88.0,107.0,0.29315068493150687
Mauritania,MRT,2011,44.6018245979217,3270.86251341888,8.0,57.0,65.0,0.1780821917808219
Mauritius,MUS,2011,57.3929908681949,16883.565820961,13.0,29.0,42.0,0.11506849315068493
Mexico,MEX,2011,54.9343895124451,17266.8129106549,36.0,50.0,86.0,0.2356164383561644
Moldova,MDA,2011,99.8991153189508,6832.94156502961,32.0,8.0,40.0,0.1095890410958904
Mongolia,MNG,2011,81.7814932257134,8861.82052869304,26.0,85.0,111.0,0.3041095890410959
Montenegro,MNE,2011,74.7250970245796,14347.4457105412,9.0,81.0,90.0,0.2465753424657534
Morocco,MAR,2011,34.2935940145268,7274.1474609375,15.0,22.0,37.0,0.10136986301369863
Mozambique,MOZ,2011,100.503629819799,1063.65543296311,13.0,75.0,88.0,0.2410958904109589
Myanmar,MMR,2011,64.9672213817448,3579.40482970626,21.0,20.0,41.0,0.11232876712328767
Namibia,NAM,2011,84.351952799333,9002.23004537057,15.0,22.0,37.0,0.10136986301369863
Nepal,NPL,2011,43.5037604360726,2247.99742932205,43.0,23.0,66.0,0.18082191780821918
Netherlands,NLD,2011,83.5378055007383,47004.1370739062,17.0,43.0,60.0,0.1643835616438356
New Zealand,NZL,2011,83.2028938733796,32738.9884445601,36.0,15.0,51.0,0.13972602739726028
Nicaragua,NIC,2011,54.0003336590481,4324.71007244238,17.0,15.0,32.0,0.08767123287671233
Niger,NER,2011,75.9418908736315,1064.41917390361,14.0,62.0,76.0,0.20821917808219179
Nigeria,NGA,2011,88.0102454741429,6585.36193271035,19.0,46.0,65.0,0.1780821917808219
North Macedonia,MKD,2011,63.9249294533944,12420.8114553395,24.0,85.0,109.0,0.29863013698630136
Norway,NOR,2011,90.3851333153784,62460.0908157002,29.0,13.0,42.0,0.11506849315068493
Oman,OMN,2011,32.6583103897986,52393.3135820293,10.0,85.0,95.0,0.2602739726027397
Pakistan,PAK,2011,28.4656857095291,3879.5977693449,22.0,85.0,107.0,0.29315068493150687
Panama,PAN,2011,57.6627108057464,17473.7651165489,22.0,78.0,100.0,0.273972602739726
Papua New Guinea,PNG,2011,97.3586663695841,2918.54391777544,10.0,46.0,56.0,0.15342465753424658
Paraguay,PRY,2011,66.9342249210232,11441.7636772255,11.0,11.0,22.0,0.06027397260273973
Peru,PER,2011,82.6312491296477,10462.5770434663,21.0,31.0,52.0,0.14246575342465753
Philippines,PHL,2011,64.4602515971811,5705.43591174904,24.0,19.0,43.0,0.1178082191780822
Poland,POL,2011,75.9437327460529,22808.5055268899,20.0,76.0,96.0,0.26301369863013696
Portugal,PRT,2011,81.4873937043115,26803.2336904645,17.0,97.0,114.0,0.31232876712328766
Qatar,QAT,2011,54.813382122321,174619.917706815,9.0,63.0,72.0,0.19726027397260273
Romania,ROU,2011,71.3129833407148,18803.8678810861,23.0,85.0,108.0,0.2958904109589041
Russian Federation,RUS,2011,79.4718429071211,22789.54296875,18.0,94.0,112.0,0.30684931506849317
Rwanda,RWA,2011,79.1961898639863,1412.90752155318,16.0,22.0,38.0,0.10410958904109589
Samoa,WSM,2011,61.208502084134,5494.24063118213,12.0,43.0,55.0,0.1506849315068493
Sao Tome and Principe,STP,2011,89.9652063893721,2914.21285695222,7.0,78.0,85.0,0.2328767123287671
Saudi Arabia,SAU,2011,26.3374371230859,64125.2177225838,20.0,73.0,93.0,0.2547945205479452
Senegal,SEN,2011,54.443708716226,2684.94989722318,14.0,88.0,102.0,0.27945205479452057
Serbia,SRB,2011,70.87649470157,14298.2677444467,16.0,78.0,94.0,0.25753424657534246
Sierra Leone,SLE,2011,98.30840160536,2042.70009101399,8.0,75.0,83.0,0.2273972602739726
Singapore,SGP,2011,75.8429252031027,80052.3914982651,34.0,29.0,63.0,0.1726027397260274
Slovak Republic,SVK,2011,73.6587801618423,26201.6502820886,30.0,64.0,94.0,0.25753424657534246
Slovenia,SVN,2011,81.5931796574243,28715.6339954963,17.0,68.0,85.0,0.2328767123287671
Solomon Islands,SLB,2011,95.8419088150138,2306.28127950629,20.0,29.0,49.0,0.13424657534246576
"Somalia, Fed. Rep.",SOM,2011,42.9850931934568,881.383113050941,11.0,91.0,102.0,0.27945205479452057
South Africa,ZAF,2011,75.1681539690996,13143.1933361097,28.0,6.0,34.0,0.09315068493150686
South Sudan,SSD,2011,95.8367672471089,2718.04847850752,16.0,41.0,57.0,0.15616438356164383
Spain,ESP,2011,78.3723021582734,32015.5752000401,57.0,80.0,137.0,0.37534246575342467
Sri Lanka,LKA,2011,46.2227668845316,9075.545495895,28.0,18.0,46.0,0.12602739726027398
St. Lucia,LCA,2011,85.0087527050683,13471.2666355799,12.0,74.0,86.0,0.2356164383561644
Sudan,SDN,2011,40.4004392282133,4112.21875,14.0,45.0,59.0,0.16164383561643836
Suriname,SUR,2011,63.4857511362241,13926.2226223035,13.0,71.0,84.0,0.23013698630136986
Sweden,SWE,2011,88.0392823865233,44332.5217389078,15.0,71.0,86.0,0.2356164383561644
Switzerland,CHE,2011,81.0963046212304,57493.5810559211,31.0,22.0,53.0,0.14520547945205478
Tajikistan,TJK,2011,47.7762534081239,2455.97278263399,10.0,78.0,88.0,0.2410958904109589
Tanzania,TZA,2011,93.6087427256733,2211.466796875,17.0,61.0,78.0,0.2136986301369863
Thailand,THA,2011,81.2329494253725,13227.454108915,30.0,30.0,60.0,0.1643835616438356
Timor-Leste,TLS,2011,84.577953230803,2065.9605552203,14.0,21.0,35.0,0.0958904109589041
Togo,TGO,2011,91.4189844893663,1615.98146436985,14.0,71.0,85.0,0.2328767123287671
Tonga,TON,2011,62.6562050100777,4855.42923652355,12.0,43.0,55.0,0.1506849315068493
Trinidad and Tobago,TTO,2011,68.2330952539884,31077.796969852,19.0,57.0,76.0,0.20821917808219179
Tunisia,TUN,2011,34.8375933715025,10435.9956675373,11.0,80.0,91.0,0.2493150684931507
Turkiye,TUR,2011,40.1905750933229,19717.2438317111,17.0,92.0,109.0,0.29863013698630136
Turkmenistan,TKM,2011,82.8157847318157,10282.7266190528,23.0,78.0,101.0,0.27671232876712326
Uganda,UGA,2011,94.4476765326158,2267.72270357093,15.0,22.0,37.0,0.10136986301369863
Ukraine,UKR,2011,83.226452582099,9126.6083984375,29.0,8.0,37.0,0.10136986301369863
United Arab Emirates,ARE,2011,47.9710034171425,89665.4018921986,13.0,28.0,41.0,0.11232876712328767
United Kingdom,GBR,2011,81.521182035174,37224.3787645256,30.0,50.0,80.0,0.2191780821917808
United States,USA,2011,81.9254595892085,50024.8812320773,105.0,70.0,175.0,0.4794520547945205
Uruguay,URY,2011,74.6997135122349,19135.3636964186,6.0,74.0,80.0,0.2191780821917808
Uzbekistan,UZB,2011,53.7785953362286,5949.484123529,9.0,8.0,17.0,0.04657534246575343
Vanuatu,VUT,2011,82.4047004872456,2815.68693384029,17.0,11.0,28.0,0.07671232876712329
"Venezuela, RB",VEN,2011,63.5829192069266,21241.4350725543,27.0,46.0,73.0,0.2
Viet Nam,VNM,2011,88.0305894483588,5786.12348870721,20.0,66.0,86.0,0.2356164383561644
Virgin Islands (U.S.),VIR,2011,91.9564574151652,39006.0820134517,24.0,69.0,93.0,0.2547945205479452
West Bank and Gaza,PSE,2011,23.0637519004532,4494.7313227255,10.0,82.0,92.0,0.25205479452054796
"Yemen, Rep.",YEM,2011,12.7869234240135,3113.38292725279,15.0,69.0,84.0,0.23013698630136986
Zambia,ZMB,2011,76.9776967232719,3228.48714255039,14.0,25.0,39.0,0.10684931506849316
Zimbabwe,ZWE,2011,83.2003850914592,3047.31708873749,13.0,36.0,49.0,0.13424657534246576
Afghanistan,AFG,2012,20.7861494068612,1988.42930381554,16.0,16.0,32.0,0.08767123287671233
Albania,ALB,2012,74.8188239611045,10608.8448172721,27.0,99.0,126.0,0.3452054794520548
Algeria,DZA,2012,21.1761848290446,14441.3293398806,10.0,62.0,72.0,0.19726027397260273
Angola,AGO,2012,93.7965790697382,8246.36081151609,13.0,45.0,58.0,0.1589041095890411
Argentina,ARG,2012,65.5969313931584,19430.4178068112,27.0,15.0,42.0,0.11506849315068493
Armenia,ARM,2012,75.8150454794675,8942.63537897164,31.0,99.0,130.0,0.3561643835616438
Australia,AUS,2012,81.9252781529807,43007.2697824131,28.0,15.0,43.0,0.1178082191780822
Austria,AUT,2012,82.0402320500264,46156.4832073037,23.0,63.0,86.0,0.2356164383561644
Azerbaijan,AZE,2012,92.1575033448458,15994.1466501837,27.0,5.0,32.0,0.08767123287671233
"Bahamas, The",BHS,2012,89.2316744049218,31035.5500568874,18.0,10.0,28.0,0.07671232876712329
Bahrain,BHR,2012,49.3731184904093,56712.5692656153,17.0,67.0,84.0,0.23013698630136986
Bangladesh,BGD,2012,41.851332398317,3434.27815090447,30.0,15.0,45.0,0.1232876712328767
Barbados,BRB,2012,86.3240119160386,19605.0169248071,21.0,66.0,87.0,0.23835616438356164
Belarus,BLR,2012,82.8023120070613,18114.7508606708,22.0,10.0,32.0,0.08767123287671233
Belgium,BEL,2012,78.8202453782636,42483.5250666788,20.0,62.0,82.0,0.22465753424657534
Belize,BLZ,2012,58.334601531984,9303.37857455225,17.0,64.0,81.0,0.2219178082191781
Benin,BEN,2012,94.2814934192855,2346.08416204547,15.0,81.0,96.0,0.26301369863013696
Bhutan,BTN,2012,96.2843665562459,8577.40731901004,17.0,30.0,47.0,0.12876712328767123
Bolivia,BOL,2012,73.039496279336,7183.82602452107,19.0,15.0,34.0,0.09315068493150686
Bosnia and Herzegovina,BIH,2012,62.4928918935995,10121.1905288877,18.0,84.0,102.0,0.27945205479452057
Botswana,BWA,2012,81.0367483131801,12736.5833891004,21.0,15.0,36.0,0.09863013698630137
Brazil,BRA,2012,69.1783331152689,15198.086330971,22.0,38.0,60.0,0.1643835616438356
Brunei Darussalam,BRN,2012,76.7942455311611,87256.0422369454,22.0,8.0,30.0,0.0821917808219178
Bulgaria,BGR,2012,81.5973049307517,16327.3382758143,28.0,66.0,94.0,0.25753424657534246
Burkina Faso,BFA,2012,87.7912196966117,1571.83884477315,14.0,59.0,73.0,0.2
Burundi,BDI,2012,103.289235698414,637.247080191101,14.0,57.0,71.0,0.19452054794520549
Cabo Verde,CPV,2012,77.2703419943925,6318.06108723364,11.0,80.0,91.0,0.2493150684931507
Cambodia,KHM,2012,88.9701373907119,3583.48229739437,27.0,59.0,86.0,0.2356164383561644
Cameroon,CMR,2012,86.1810934797323,3059.64226568251,18.0,59.0,77.0,0.21095890410958903
Canada,CAN,2012,86.2946291274079,42291.9729357094,60.0,68.0,128.0,0.3506849315068493
Central African Republic,CAF,2012,81.2951687951688,1062.06809941049,14.0,8.0,22.0,0.06027397260273973
Chad,TCD,2012,70.8585476550681,2435.1240819184,14.0,57.0,71.0,0.19452054794520549
Chile,CHL,2012,66.0041068864164,21366.1771264909,17.0,11.0,28.0,0.07671232876712329
China,CHN,2012,81.8996508470193,11420.2527051141,48.0,29.0,77.0,0.21095890410958903
Colombia,COL,2012,69.4322548655014,12093.0754939172,32.0,15.0,47.0,0.12876712328767123
Comoros,COM,2012,59.0592145670003,2678.70262820599,13.0,60.0,73.0,0.2
"Congo, Dem. Rep.",COD,2012,89.5891904297435,647.801733284929,17.0,61.0,78.0,0.2136986301369863
"Congo, Rep.",COG,2012,97.1376290680957,6058.06449417412,12.0,66.0,78.0,0.2136986301369863
Costa Rica,CRI,2012,66.1637210259576,14463.7404448087,19.0,11.0,30.0,0.0821917808219178
Cote d'Ivoire,CIV,2012,86.7969912267286,3290.72306949457,14.0,39.0,53.0,0.14520547945205478
Croatia,HRV,2012,75.513288613399,21618.825625842,14.0,8.0,22.0,0.06027397260273973
Cyprus,CYP,2012,80.8314609917052,31924.099609375,19.0,36.0,55.0,0.1506849315068493
Czechia,CZE,2012,73.927816927418,29465.6074011894,18.0,64.0,82.0,0.22465753424657534
Denmark,DNK,2012,87.4000869786902,44755.1624273018,19.0,8.0,27.0,0.07397260273972603
Dominican Republic,DOM,2012,61.1081822728686,11776.6228103557,16.0,57.0,73.0,0.2
Ecuador,ECU,2012,62.3384200495274,10244.5177816184,15.0,57.0,72.0,0.19726027397260273
"Egypt, Arab Rep.",EGY,2012,30.3141706729151,10342.4317112754,24.0,87.0,111.0,0.3041095890410959
El Salvador,SLV,2012,60.8353415758592,6708.39032246284,21.0,66.0,87.0,0.23835616438356164
Equatorial Guinea,GNQ,2012,80.0311469956757,30011.9274409625,12.0,78.0,90.0,0.2465753424657534
Estonia,EST,2012,81.1833001055471,26242.5282659014,12.0,82.0,94.0,0.25753424657534246
Eswatini,SWZ,2012,80.8690803916786,7760.32280456285,12.0,22.0,34.0,0.09315068493150686
Ethiopia,ETH,2012,83.9389830508475,1178.97474553026,13.0,77.0,90.0,0.2465753424657534
Fiji,FJI,2012,56.063442274613,8204.46565475009,9.0,15.0,24.0,0.06575342465753424
Finland,FIN,2012,87.9708364827412,40739.1131809421,15.0,8.0,23.0,0.06301369863013699
France,FRA,2012,82.9353636805443,37671.0239268565,19.0,57.0,76.0,0.20821917808219179
Gabon,GAB,2012,69.7564996393859,14619.7181445113,15.0,85.0,100.0,0.273972602739726
"Gambia, The",GMB,2012,87.398762709549,2064.81438121612,13.0,66.0,79.0,0.21643835616438356
Georgia,GEO,2012,78.2968556115849,10059.9820603954,21.0,92.0,113.0,0.3095890410958904
Germany,DEU,2012,80.5691471797796,44229.3941921739,52.0,15.0,67.0,0.18356164383561643
Ghana,GHA,2012,88.2295847433173,4933.65254349093,18.0,13.0,31.0,0.08493150684931507
Greece,GRC,2012,71.1138431276125,24582.9741957507,12.0,83.0,95.0,0.2602739726027397
Guatemala,GTM,2012,52.2898456388321,7258.31667467883,15.0,8.0,23.0,0.06301369863013699
Guinea,GIN,2012,77.901847256686,1789.97473033561,12.0,59.0,71.0,0.19452054794520549
Guinea-Bissau,GNB,2012,78.4371187795336,1401.84994044148,9.0,50.0,59.0,0.16164383561643836
Guyana,GUY,2012,55.7459302245441,10626.8256674463,16.0,15.0,31.0,0.08493150684931507
Haiti,HTI,2012,86.5272559722124,2830.19080559709,19.0,66.0,85.0,0.2328767123287671
Honduras,HND,2012,48.7771946807969,4016.34609101801,20.0,64.0,84.0,0.23013698630136986
"Hong Kong SAR, China",HKG,2012,77.8250250132423,52149.6812694206,29.0,78.0,107.0,0.29315068493150687
Hungary,HUN,2012,80.4499296455151,23205.310668404,14.0,8.0,22.0,0.06027397260273973
Iceland,ISL,2012,90.5889597311131,42004.4476110597,24.0,76.0,100.0,0.273972602739726
India,IND,2012,33.965760117771,4819.64288218731,63.0,34.0,97.0,0.26575342465753427
Indonesia,IDN,2012,61.6875726317555,9530.29071136718,18.0,33.0,51.0,0.13972602739726028
"Iran, Islamic Rep.",IRN,2012,21.9778597785978,17021.3716792921,26.0,88.0,114.0,0.31232876712328766
Iraq,IRQ,2012,16.6612919056098,14402.0340893955,21.0,73.0,94.0,0.25753424657534246
Ireland,IRL,2012,79.6399254817488,46726.2157665366,13.0,85.0,98.0,0.2684931506849315
Israel,ISR,2012,83.0157264383255,32483.7421872738,47.0,64.0,111.0,0.3041095890410959
Italy,ITA,2012,66.6655377372869,36281.1014243506,19.0,93.0,112.0,0.30684931506849317
Jamaica,JAM,2012,77.1763336001747,8830.6507947905,18.0,57.0,75.0,0.2054794520547945
Japan,JPN,2012,67.9657539092903,37605.9742614539,28.0,43.0,71.0,0.19452054794520549
Jordan,JOR,2012,23.0012442969722,9738.53746926194,14.0,81.0,95.0,0.2602739726027397
Kazakhstan,KAZ,2012,86.78573305998,21367.2180595372,19.0,8.0,27.0,0.07397260273972603
Kenya,KEN,2012,92.7313234489408,2847.27068286846,15.0,22.0,37.0,0.10136986301369863
"Korea, Rep.",KOR,2012,70.3661727462256,35061.5531929083,22.0,39.0,61.0,0.16712328767123288
Kuwait,KWT,2012,56.8503186194707,82089.726133145,16.0,52.0,68.0,0.1863013698630137
Kyrgyz Republic,KGZ,2012,68.0541386111678,3588.67988824025,16.0,99.0,115.0,0.3150684931506849
Lao PDR,LAO,2012,88.0841921723698,4780.94733000167,11.0,66.0,77.0,0.21095890410958903
Latvia,LVA,2012,81.2656820469673,19416.5167382125,21.0,92.0,113.0,0.3095890410958904
Lebanon,LBN,2012,35.5326430067558,16121.335238646,28.0,83.0,111.0,0.3041095890410959
Lesotho,LSO,2012,78.0326458170866,2291.4956531127,11.0,61.0,72.0,0.19726027397260273
Liberia,LBR,2012,87.5424440468801,1156.95319448003,12.0,43.0,55.0,0.1506849315068493
Libya,LBY,2012,53.3220216493064,26826.0729756733,14.0,-174.0,-160.0,-0.4383561643835616
Lithuania,LTU,2012,84.0867421129165,23275.2517553588,21.0,92.0,113.0,0.3095890410958904
Luxembourg,LUX,2012,78.3252211712125,96636.426643956,13.0,8.0,21.0,0.057534246575342465
"Macao SAR, China",MAC,2012,84.9864033204523,133111.616642617,21.0,64.0,85.0,0.2328767123287671
Madagascar,MDG,2012,94.0045375923804,1463.61756926447,13.0,89.0,102.0,0.27945205479452057
Malawi,MWI,2012,87.2997518416984,1464.04323957796,13.0,50.0,63.0,0.1726027397260274
Malaysia,MYS,2012,60.6387642477694,22638.5406944009,52.0,38.0,90.0,0.2465753424657534
Maldives,MDV,2012,56.5390435835351,13988.5973865429,14.0,46.0,60.0,0.1643835616438356
Mali,MLI,2012,74.6211323279761,1990.14805241092,12.0,62.0,74.0,0.20273972602739726
Malta,MLT,2012,57.8355586788475,30716.282743184,19.0,88.0,107.0,0.29315068493150687
Mauritania,MRT,2012,44.6404674086888,3464.97661099269,8.0,57.0,65.0,0.1780821917808219
Mauritius,MUS,2012,57.8636650932613,17259.4018011357,13.0,29.0,42.0,0.11506849315068493
Mexico,MEX,2012,56.0752376389904,18004.7935607542,39.0,50.0,89.0,0.24383561643835616
Moldova,MDA,2012,101.666484962699,7254.66249032313,33.0,8.0,41.0,0.11232876712328767
Mongolia,MNG,2012,81.8190115456578,10151.7217998165,26.0,85.0,111.0,0.3041095890410959
Montenegro,MNE,2012,75.3883820058478,13792.5731748207,10.0,81.0,91.0,0.2493150684931507
Morocco,MAR,2012,33.6134685710343,7307.6123046875,15.0,22.0,37.0,0.10136986301369863
Mozambique,MOZ,2012,99.8298019289115,1075.87786085361,11.0,75.0,86.0,0.2356164383561644
Myanmar,MMR,2012,64.7890878348538,3845.15284153671,19.0,20.0,39.0,0.10684931506849316
Namibia,NAM,2012,85.0556668001602,9363.76632318029,15.0,22.0,37.0,0.10136986301369863
Nepal,NPL,2012,44.918124367166,2465.83469449131,43.0,23.0,66.0,0.18082191780821918
Netherlands,NLD,2012,84.0211290855068,47653.3401651371,17.0,43.0,60.0,0.1643835616438356
New Zealand,NZL,2012,84.1994515489669,33054.8936751088,35.0,15.0,50.0,0.136986301369863
Nicaragua,NIC,2012,55.2064159873784,4507.94302866696,16.0,15.0,31.0,0.08493150684931507
Niger,NER,2012,74.9582430480318,1161.78908289767,14.0,62.0,76.0,0.20821917808219179
Nigeria,NGA,2012,88.1043567068217,6670.83826243627,20.0,46.0,66.0,0.18082191780821918
North Macedonia,MKD,2012,63.4204701800562,12725.9772893634,23.0,85.0,108.0,0.2958904109589041
Norway,NOR,2012,89.9786176524731,65774.3520746224,29.0,13.0,42.0,0.11506849315068493
Oman,OMN,2012,32.6027914885577,49989.4425093994,10.0,85.0,95.0,0.2602739726027397
Pakistan,PAK,2012,28.6696897131503,4046.59848766311,25.0,85.0,110.0,0.3013698630136986
Panama,PAN,2012,59.7600805461421,19473.251491839,21.0,78.0,99.0,0.27123287671232876
Papua New Guinea,PNG,2012,97.1553786462417,3025.85599590795,10.0,46.0,56.0,0.15342465753424658
Paraguay,PRY,2012,72.4052010885999,10954.3251570137,11.0,11.0,22.0,0.06027397260273973
Peru,PER,2012,82.3577235772358,10757.1522234351,20.0,31.0,51.0,0.13972602739726028
Philippines,PHL,2012,64.2973715286531,6094.26837338658,24.0,19.0,43.0,0.1178082191780822
Poland,POL,2012,76.1624049011589,23728.1456821435,20.0,76.0,96.0,0.26301369863013696
Portugal,PRT,2012,82.5143374584968,26476.2182777269,17.0,97.0,114.0,0.31232876712328766
Qatar,QAT,2012,55.3574791287427,180939.439450305,10.0,63.0,73.0,0.2
Romania,ROU,2012,70.674541393082,19807.5984490026,24.0,85.0,109.0,0.29863013698630136
Russian Federation,RUS,2012,79.2329029441996,24273.517578125,25.0,94.0,119.0,0.32602739726027397
Rwanda,RWA,2012,79.6090163814217,1454.52507891388,15.0,22.0,37.0,0.10136986301369863
Samoa,WSM,2012,61.0615817627208,5338.73979322922,11.0,43.0,54.0,0.14794520547945206
Sao Tome and Principe,STP,2012,89.9501858148177,2652.87879478958,7.0,78.0,85.0,0.2328767123287671
Saudi Arabia,SAU,2012,26.5886152603956,65033.6161818077,20.0,73.0,93.0,0.2547945205479452
Senegal,SEN,2012,55.6074689479312,2764.26130708482,14.0,88.0,102.0,0.27945205479452057
Serbia,SRB,2012,70.8948549636354,14506.2378578624,16.0,78.0,94.0,0.25753424657534246
Sierra Leone,SLE,2012,98.124831672502,2317.1913997528,8.0,75.0,83.0,0.2273972602739726
Singapore,SGP,2012,76.4858049934022,82107.7270892092,33.0,29.0,62.0,0.16986301369863013
Slovak Republic,SVK,2012,74.1085407430168,27022.7747321382,30.0,64.0,94.0,0.25753424657534246
Slovenia,SVN,2012,82.360256268988,28786.7105517686,17.0,68.0,85.0,0.2328767123287671
Solomon Islands,SLB,2012,95.8506657990751,2320.45346146884,20.0,29.0,49.0,0.13424657534246576
"Somalia, Fed. Rep.",SOM,2012,43.5455247719064,1002.9322657147,11.0,91.0,102.0,0.27945205479452057
South Africa,ZAF,2012,74.8823072729976,12986.7976675307,23.0,6.0,29.0,0.07945205479452055
South Sudan,SSD,2012,96.2143428419088,1417.38566439045,16.0,41.0,57.0,0.15616438356164383
Spain,ESP,2012,79.9307906189555,31869.7839822219,56.0,80.0,136.0,0.3726027397260274
Sri Lanka,LKA,2012,43.9456752900638,10249.1670637714,28.0,18.0,46.0,0.12602739726027398
St. Lucia,LCA,2012,87.5380145541436,13443.4262512467,12.0,74.0,86.0,0.2356164383561644
Sudan,SDN,2012,38.8487140043418,3710.376953125,14.0,45.0,59.0,0.16164383561643836
Suriname,SUR,2012,64.259768009768,15184.9254680409,13.0,71.0,84.0,0.23013698630136986
Sweden,SWE,2012,88.5999139504176,45206.9864434727,15.0,71.0,86.0,0.2356164383561644
Switzerland,CHE,2012,81.6974526137873,59440.9158607666,31.0,22.0,53.0,0.14520547945205478
Tajikistan,TJK,2012,46.1221093506223,2679.0692960897,8.0,78.0,86.0,0.2356164383561644
Tanzania,TZA,2012,92.7626819784791,2083.48486328125,17.0,61.0,78.0,0.2136986301369863
Thailand,THA,2012,80.3653250009263,14616.6497925392,33.0,30.0,63.0,0.1726027397260274
Timor-Leste,TLS,2012,84.5818911048843,2386.13598109278,14.0,21.0,35.0,0.0958904109589041
Togo,TGO,2012,91.3987336567716,1645.31290397424,14.0,71.0,85.0,0.2328767123287671
Tonga,TON,2012,62.8913603846265,4996.44460870387,11.0,43.0,54.0,0.14794520547945206
Trinidad and Tobago,TTO,2012,70.7240097354837,31883.2297483766,20.0,57.0,77.0,0.21095890410958903
Tunisia,TUN,2012,35.7321485952191,10614.531301194,11.0,80.0,91.0,0.2493150684931507
Turkiye,TUR,2012,41.5084470205697,20739.2725488506,17.0,92.0,109.0,0.29863013698630136
Turkmenistan,TKM,2012,82.5659029567547,11035.451277853,23.0,78.0,101.0,0.27671232876712326
Uganda,UGA,2012,87.849527258097,2031.94669538814,15.0,22.0,37.0,0.10136986301369863
Ukraine,UKR,2012,82.2760414993736,9552.314453125,30.0,8.0,38.0,0.10410958904109589
United Arab Emirates,ARE,2012,48.9991723296742,89198.0119017025,13.0,28.0,41.0,0.11232876712328767
United Kingdom,GBR,2012,81.7185605119738,38336.5961844419,30.0,50.0,80.0,0.2191780821917808
United States,USA,2012,81.6573663924524,51708.3940614082,106.0,70.0,176.0,0.4821917808219178
Uruguay,URY,2012,75.5159875949096,19495.4223660846,6.0,74.0,80.0,0.2191780821917808
Uzbekistan,UZB,2012,53.8781640555027,6168.13764755172,9.0,8.0,17.0,0.04657534246575343
Vanuatu,VUT,2012,82.6977984550053,2834.1263087371,14.0,11.0,25.0,0.0684931506849315
Viet Nam,VNM,2012,88.7944539701728,6376.79765706172,19.0,66.0,85.0,0.2328767123287671
Virgin Islands (U.S.),VIR,2012,89.916849701914,33878.983108434,24.0,69.0,93.0,0.2547945205479452
West Bank and Gaza,PSE,2012,23.8213801638282,5214.64865399127,10.0,82.0,92.0,0.25205479452054796
"Yemen, Rep.",YEM,2012,11.3270551706967,3004.92091434025,15.0,69.0,84.0,0.23013698630136986
Zambia,ZMB,2012,77.2383307110212,3323.63312219856,14.0,25.0,39.0,0.10684931506849316
Zimbabwe,ZWE,2012,82.7623991562684,3472.48572001016,13.0,36.0,49.0,0.13424657534246576
Afghanistan,AFG,2013,22.2236630530629,2133.24127098647,16.0,16.0,32.0,0.08767123287671233
Albania,ALB,2013,71.2637130114913,10882.026128835,27.0,99.0,126.0,0.3452054794520548
Algeria,DZA,2013,21.6828898983344,14370.820661674,10.0,62.0,72.0,0.19726027397260273
Angola,AGO,2013,93.897898655897,8504.09532072053,11.0,45.0,56.0,0.15342465753424658
Argentina,ARG,2013,65.3964942142181,19928.989490167,28.0,15.0,43.0,0.1178082191780822
Armenia,ARM,2013,75.7021820685391,9454.87852836557,31.0,99.0,130.0,0.3561643835616438
Australia,AUS,2013,82.1857816457024,46123.4750962848,28.0,15.0,43.0,0.1178082191780822
Austria,AUT,2013,82.41097788757,47519.8522796571,23.0,63.0,86.0,0.2356164383561644
Azerbaijan,AZE,2013,91.6436389459222,17267.5118919538,28.0,5.0,33.0,0.09041095890410959
"Bahamas, The",BHS,2013,89.5553933059217,30294.4768305201,17.0,10.0,27.0,0.07397260273972603
Bahrain,BHR,2013,49.5181000691722,56310.3117458189,17.0,67.0,84.0,0.23013698630136986
Bangladesh,BGD,2013,41.0466805865905,3691.10431102117,31.0,15.0,46.0,0.12602739726027398
Barbados,BRB,2013,87.5268405432389,19032.4654071373,21.0,66.0,87.0,0.23835616438356164
Belarus,BLR,2013,82.7575456993057,19014.0529737698,22.0,10.0,32.0,0.08767123287671233
Belgium,BEL,2013,80.0294644501364,43864.1204196838,20.0,62.0,82.0,0.22465753424657534
Belize,BLZ,2013,59.0174129353234,9525.83089030578,17.0,64.0,81.0,0.2219178082191781
Benin,BEN,2013,94.8407489753824,2511.65309588333,15.0,81.0,96.0,0.26301369863013696
Bhutan,BTN,2013,81.6919599612528,8666.91063590069,17.0,30.0,47.0,0.12876712328767123
Bolivia,BOL,2013,73.0809459424985,8068.72017230776,19.0,15.0,34.0,0.09315068493150686
Bosnia and Herzegovina,BIH,2013,62.4658317970885,10808.2715682853,17.0,84.0,101.0,0.27671232876712326
Botswana,BWA,2013,81.5344335598506,13621.1494726695,16.0,15.0,31.0,0.08493150684931507
Brazil,BRA,2013,69.2409526430996,15722.3335243701,22.0,38.0,60.0,0.1643835616438356
Brunei Darussalam,BRN,2013,77.396002160994,83237.1470879654,18.0,8.0,26.0,0.07123287671232877
Bulgaria,BGR,2013,81.2447688238642,16893.7689556096,22.0,66.0,88.0,0.2410958904109589
Burkina Faso,BFA,2013,87.722706595906,1642.89213125776,14.0,59.0,73.0,0.2
Burundi,BDI,2013,103.677525229684,687.370968311715,14.0,57.0,71.0,0.19452054794520549
Cabo Verde,CPV,2013,77.5390390390391,6367.28001322501,11.0,80.0,91.0,0.2493150684931507
Cambodia,KHM,2013,85.9254639734839,3890.94841205221,26.0,59.0,85.0,0.2328767123287671
Cameroon,CMR,2013,86.4138598233152,3238.86829843733,14.0,59.0,73.0,0.2
Canada,CAN,2013,86.5709684195785,44301.0562529133,56.0,68.0,124.0,0.33972602739726027
Central African Republic,CAF,2013,80.631035119011,709.853481245446,14.0,8.0,22.0,0.06027397260273973
Chad,TCD,2013,70.3427578152584,2110.24705136988,14.0,57.0,71.0,0.19452054794520549
Chile,CHL,2013,66.8641602930087,22201.0660684337,17.0,11.0,28.0,0.07671232876712329
China,CHN,2013,82.099682142671,12228.3736084197,56.0,29.0,85.0,0.2328767123287671
Colombia,COL,2013,69.3219850332803,12779.8865818318,32.0,15.0,47.0,0.12876712328767123
Comoros,COM,2013,58.4939737491506,2832.53121548146,13.0,60.0,73.0,0.2
"Congo, Dem. Rep.",COD,2013,89.677475115599,760.64987993962,18.0,61.0,79.0,0.21643835616438356
"Congo, Rep.",COG,2013,96.4493706556453,5833.86336651436,12.0,66.0,78.0,0.2136986301369863
Costa Rica,CRI,2013,66.9370322479527,15232.0771529497,19.0,11.0,30.0,0.0821917808219178
Cote d'Ivoire,CIV,2013,84.3992021459523,3619.01790854865,14.0,39.0,53.0,0.14520547945205478
Croatia,HRV,2013,77.0389241274133,22429.8502256715,14.0,8.0,22.0,0.06027397260273973
Cyprus,CYP,2013,81.250265546885,30415.7890625,19.0,36.0,55.0,0.1506849315068493
Czechia,CZE,2013,74.7814075151729,31013.0082933831,18.0,64.0,82.0,0.22465753424657534
Denmark,DNK,2013,88.1739662156998,46869.1932887749,19.0,8.0,27.0,0.07397260273972603
Djibouti,DJI,2013,35.9042280128955,3762.2819610399,12.0,69.0,81.0,0.2219178082191781
Dominican Republic,DOM,2013,61.1114123068582,12413.910018356,16.0,57.0,73.0,0.2
Ecuador,ECU,2013,62.7629193996375,11295.6127804419,18.0,57.0,75.0,0.2054794520547945
"Egypt, Arab Rep.",EGY,2013,31.2480480154258,10511.3931678495,24.0,87.0,111.0,0.3041095890410959
El Salvador,SLV,2013,62.4426998261236,7092.58852133297,21.0,66.0,87.0,0.23835616438356164
Equatorial Guinea,GNQ,2013,79.8594320212654,27909.5175876754,13.0,78.0,91.0,0.2493150684931507
Estonia,EST,2013,81.0441531815186,27831.1526234213,12.0,82.0,94.0,0.25753424657534246
Eswatini,SWZ,2013,81.6304691063471,8231.15139767951,12.0,22.0,34.0,0.09315068493150686
Ethiopia,ETH,2013,84.0590046642214,1252.86896408004,13.0,77.0,90.0,0.2465753424657534
Fiji,FJI,2013,55.2189461768035,8842.15173943746,9.0,15.0,24.0,0.06575342465753424
Finland,FIN,2013,88.4361969634274,41325.8052072321,15.0,8.0,23.0,0.06301369863013699
France,FRA,2013,83.1922964692151,39583.3520435045,19.0,57.0,76.0,0.20821917808219179
Gabon,GAB,2013,70.0266931316519,14497.9921216902,15.0,85.0,100.0,0.273972602739726
"Gambia, The",GMB,2013,87.3716271623257,2006.74081646788,13.0,66.0,79.0,0.21643835616438356
Georgia,GEO,2013,78.1821795296456,10797.3423273476,22.0,92.0,114.0,0.31232876712328766
Germany,DEU,2013,81.2442845363916,45889.0173022052,52.0,15.0,67.0,0.18356164383561643
Ghana,GHA,2013,88.0454312956575,5214.56935848794,21.0,13.0,34.0,0.09315068493150686
Greece,GRC,2013,71.2150704364752,25730.8809006664,12.0,83.0,95.0,0.2602739726027397
Guatemala,GTM,2013,48.6700268569957,7699.94541247252,15.0,8.0,23.0,0.06301369863013699
Guinea,GIN,2013,76.168116742623,1842.00227737409,12.0,59.0,71.0,0.19452054794520549
Guinea-Bissau,GNB,2013,78.6942160376695,1415.82511935379,9.0,50.0,59.0,0.16164383561643836
Guyana,GUY,2013,57.202380122908,11199.8874744089,17.0,15.0,32.0,0.08767123287671233
Haiti,HTI,2013,87.2096162316534,3042.4970687871,19.0,66.0,85.0,0.2328767123287671
Honduras,HND,2013,52.9934563922258,4137.3268237781,22.0,64.0,86.0,0.2356164383561644
"Hong Kong SAR, China",HKG,2013,78.6489130276087,53517.419549888,27.0,78.0,105.0,0.2876712328767123
Hungary,HUN,2013,79.4858132409751,24591.6380503055,14.0,8.0,22.0,0.06027397260273973
Iceland,ISL,2013,90.251460502921,44409.6689530904,24.0,76.0,100.0,0.273972602739726
India,IND,2013,33.9278671840214,5014.3505659078,63.0,34.0,97.0,0.26575342465753427
Indonesia,IDN,2013,61.1608919547993,9866.01699250847,18.0,33.0,51.0,0.13972602739726028
"Iran, Islamic Rep.",IRN,2013,19.6122811916695,16215.2119014642,28.0,88.0,116.0,0.3178082191780822
Iraq,IRQ,2013,17.6748882955913,14668.5432764995,17.0,73.0,90.0,0.2465753424657534
Ireland,IRL,2013,80.2368153421473,48838.7719825525,13.0,85.0,98.0,0.2684931506849315
Israel,ISR,2013,82.9834966839131,34827.3647351146,46.0,64.0,110.0,0.3013698630136986
Italy,ITA,2013,67.2981807602129,36459.2950248716,19.0,93.0,112.0,0.30684931506849317
Jamaica,JAM,2013,77.0366773308958,9101.41496692481,16.0,57.0,73.0,0.2
Japan,JPN,2013,69.2364514525179,39402.0250988025,27.0,43.0,70.0,0.1917808219178082
Jordan,JOR,2013,21.8538462836982,9816.59855653123,15.0,81.0,96.0,0.26301369863013696
Kazakhstan,KAZ,2013,86.645276667368,23754.1341952117,21.0,8.0,29.0,0.07945205479452055
Kenya,KEN,2013,92.597166255037,3106.39394464885,15.0,22.0,37.0,0.10136986301369863
"Korea, Rep.",KOR,2013,70.618406238272,35844.2253782408,22.0,39.0,61.0,0.16712328767123288
Kuwait,KWT,2013,56.9413477201049,76812.5387330449,15.0,52.0,67.0,0.18356164383561643
Kyrgyz Republic,KGZ,2013,63.9399138039249,4000.96295765107,15.0,99.0,114.0,0.31232876712328766
Lao PDR,LAO,2013,88.0438682703858,5221.59855783339,10.0,66.0,76.0,0.20821917808219179
Latvia,LVA,2013,81.330066397447,20473.5243706913,22.0,92.0,114.0,0.31232876712328766
Lebanon,LBN,2013,36.3652398871119,16315.6137748763,28.0,83.0,111.0,0.3041095890410959
Lesotho,LSO,2013,77.4159976211716,2538.26310306049,11.0,61.0,72.0,0.19726027397260273
Liberia,LBR,2013,87.4527211918516,1360.12910370155,11.0,43.0,54.0,0.14794520547945206
Libya,LBY,2013,53.3410571142285,21151.0051911633,14.0,-174.0,-160.0,-0.4383561643835616
Lithuania,LTU,2013,82.5192160775815,24889.8726227818,21.0,92.0,113.0,0.3095890410958904
Luxembourg,LUX,2013,78.3564021744096,100925.011992241,13.0,8.0,21.0,0.057534246575342465
"Macao SAR, China",MAC,2013,86.4033307584545,149859.180455113,21.0,64.0,85.0,0.2328767123287671
Madagascar,MDG,2013,93.9102095858853,1473.40398077255,13.0,89.0,102.0,0.27945205479452057
Malawi,MWI,2013,86.9447611975921,1558.11224745203,13.0,50.0,63.0,0.1726027397260274
Malaysia,MYS,2013,62.629246676514,23160.8924510627,49.0,38.0,87.0,0.23835616438356164
Maldives,MDV,2013,56.6881371709983,15264.0907069581,14.0,46.0,60.0,0.1643835616438356
Mali,MLI,2013,74.3820863780803,2059.28407641881,12.0,62.0,74.0,0.20273972602739726
Malta,MLT,2013,60.2354750917051,33138.0373455038,19.0,88.0,107.0,0.29315068493150687
Mauritania,MRT,2013,44.8163683202325,3831.04711012348,8.0,57.0,65.0,0.1780821917808219
Mauritius,MUS,2013,60.3849615172803,18435.2031858652,13.0,29.0,42.0,0.11506849315068493
Mexico,MEX,2013,56.3501615253056,18170.264789912,37.0,50.0,87.0,0.23835616438356164
Moldova,MDA,2013,101.136486298941,8232.5238047368,33.0,8.0,41.0,0.11232876712328767
Mongolia,MNG,2013,81.8076459734358,10442.3850504493,26.0,85.0,111.0,0.3041095890410959
Montenegro,MNE,2013,75.6454373797801,14692.0574366306,10.0,81.0,91.0,0.2493150684931507
Morocco,MAR,2013,34.3926534019758,7542.0986328125,15.0,22.0,37.0,0.10136986301369863
Mozambique,MOZ,2013,99.1158332714169,1113.7525275929,12.0,75.0,87.0,0.23835616438356164
Myanmar,MMR,2013,64.6057834430309,4143.63012731959,20.0,20.0,40.0,0.1095890410958904
Namibia,NAM,2013,89.9085103770109,9699.2083777865,13.0,22.0,35.0,0.0958904109589041
Nepal,NPL,2013,46.238820743045,2658.02196886933,43.0,23.0,66.0,0.18082191780821918
Netherlands,NLD,2013,84.0199870607183,49622.0519614799,17.0,43.0,60.0,0.1643835616438356
New Zealand,NZL,2013,84.5157503958072,36262.704728265,34.0,15.0,49.0,0.13424657534246576
Nicaragua,NIC,2013,56.4236902050114,4710.57243158513,18.0,15.0,33.0,0.09041095890410959
Niger,NER,2013,74.0499181857989,1137.76904129571,14.0,62.0,76.0,0.20821917808219179
Nigeria,NGA,2013,88.2128303644196,7004.13119554477,20.0,46.0,66.0,0.18082191780821918
North Macedonia,MKD,2013,65.5335861321777,13662.7566550362,24.0,85.0,109.0,0.29863013698630136
Norway,NOR,2013,90.4671806982104,67377.9262258772,29.0,13.0,42.0,0.11506849315068493
Oman,OMN,2013,32.8602175556978,47013.4730934385,10.0,85.0,95.0,0.2602739726027397
Pakistan,PAK,2013,28.8762464680765,4173.93858568758,24.0,85.0,109.0,0.29863013698630136
Panama,PAN,2013,61.6222983173165,21923.6750843341,22.0,78.0,100.0,0.273972602739726
Papua New Guinea,PNG,2013,96.9992617864767,3109.89537238113,10.0,46.0,56.0,0.15342465753424658
Paraguay,PRY,2013,70.2954368174727,12137.0081947562,11.0,11.0,22.0,0.06027397260273973
Peru,PER,2013,81.9767849218768,11290.5547403874,30.0,31.0,61.0,0.16712328767123288
Philippines,PHL,2013,64.5530909042347,6372.83382112545,24.0,19.0,43.0,0.1178082191780822
Poland,POL,2013,75.8949770281521,24433.8914344877,20.0,76.0,96.0,0.26301369863013696
Portugal,PRT,2013,83.2928329744694,27966.0874254705,13.0,97.0,110.0,0.3013698630136986
Qatar,QAT,2013,55.7575630779531,169203.349850341,10.0,63.0,73.0,0.2
Romania,ROU,2013,70.4172083678052,19678.1108930755,26.0,85.0,111.0,0.3041095890410959
Russian Federation,RUS,2013,78.6891927980097,26019.7265625,21.0,94.0,115.0,0.3150684931506849
Rwanda,RWA,2013,80.0108924444706,1512.24171253848,12.0,22.0,34.0,0.09315068493150686
Samoa,WSM,2013,61.0735486912074,5386.90063081914,10.0,43.0,53.0,0.14520547945205478
Sao Tome and Principe,STP,2013,89.6780303030303,2945.73664283744,7.0,78.0,85.0,0.2328767123287671
Saudi Arabia,SAU,2013,25.8545558918693,62202.8859202572,22.0,73.0,95.0,0.2602739726027397
Senegal,SEN,2013,56.8328189990608,2768.76818711984,14.0,88.0,102.0,0.27945205479452057
Serbia,SRB,2013,71.5201541246616,15246.9321985267,18.0,78.0,96.0,0.26301369863013696
Sierra Leone,SLE,2013,97.9337571780148,2700.73807805259,8.0,75.0,83.0,0.2273972602739726
Singapore,SGP,2013,77.0364236234342,83088.3185411658,33.0,29.0,62.0,0.16986301369863013
Slovak Republic,SVK,2013,74.8656506034711,28075.4326236719,30.0,64.0,94.0,0.25753424657534246
Slovenia,SVN,2013,81.7625015745056,29634.0657611471,16.0,68.0,84.0,0.23013698630136986
Solomon Islands,SLB,2013,95.8149318953094,2394.46788083646,26.0,29.0,55.0,0.1506849315068493
"Somalia, Fed. Rep.",SOM,2013,43.7220106307287,944.404567280324,11.0,91.0,102.0,0.27945205479452057
South Africa,ZAF,2013,76.2762713261353,13369.4382039605,22.0,6.0,28.0,0.07671232876712329
South Sudan,SSD,2013,96.2934311437146,1916.8535588619,16.0,41.0,57.0,0.15616438356164383
Spain,ESP,2013,80.4026906921532,32613.6891811474,62.0,80.0,142.0,0.38904109589041097
Sri Lanka,LKA,2013,47.105702364395,11252.6311491911,28.0,18.0,46.0,0.12602739726027398
St. Lucia,LCA,2013,84.0455197322993,14009.9844560139,12.0,74.0,86.0,0.2356164383561644
Sudan,SDN,2013,37.4245970027763,3724.9599609375,14.0,45.0,59.0,0.16164383561643836
Suriname,SUR,2013,65.0310285705616,16172.6961959961,13.0,71.0,84.0,0.23013698630136986
Sweden,SWE,2013,88.8913528776925,46098.2321368832,15.0,71.0,86.0,0.2356164383561644
Switzerland,CHE,2013,82.4465935723714,61656.4661708516,31.0,22.0,53.0,0.14520547945205478
Tajikistan,TJK,2013,44.5056467816809,2918.56048007357,8.0,78.0,86.0,0.2356164383561644
Tanzania,TZA,2013,91.8707660239708,2176.21655273438,18.0,61.0,79.0,0.21643835616438356
Thailand,THA,2013,78.6165122671282,15215.9492506383,31.0,30.0,61.0,0.16712328767123288
Timor-Leste,TLS,2013,84.6085066578629,2566.03074458421,14.0,21.0,35.0,0.0958904109589041
Togo,TGO,2013,91.4572947002978,1715.36073848665,14.0,71.0,85.0,0.2328767123287671
Tonga,TON,2013,63.0663289075239,5119.6947531684,10.0,43.0,53.0,0.14520547945205478
Trinidad and Tobago,TTO,2013,70.7915034689267,31746.2052441651,21.0,57.0,78.0,0.2136986301369863
Tunisia,TUN,2013,35.934477158794,10671.569727457,11.0,80.0,91.0,0.2493150684931507
Turkiye,TUR,2013,43.024219024219,22475.2909778388,17.0,92.0,109.0,0.29863013698630136
Turkmenistan,TKM,2013,82.4117405582923,11722.8086272577,23.0,78.0,101.0,0.27671232876712326
Uganda,UGA,2013,93.8526938148819,2044.88182485845,15.0,22.0,37.0,0.10136986301369863
Ukraine,UKR,2013,81.3378257537046,10903.8251953125,29.0,8.0,37.0,0.10136986301369863
United Arab Emirates,ARE,2013,50.0908013353777,87526.3254797061,15.0,28.0,43.0,0.1178082191780822
United Kingdom,GBR,2013,82.5800390470179,39947.5369562562,28.0,50.0,78.0,0.2136986301369863
United States,USA,2013,81.4703459042223,53297.3862901595,102.0,70.0,172.0,0.4712328767123288
Uruguay,URY,2013,73.5058517209772,20661.3793411187,6.0,74.0,80.0,0.2191780821917808
Uzbekistan,UZB,2013,53.9538533549933,6412.7238692872,9.0,8.0,17.0,0.04657534246575343
Vanuatu,VUT,2013,83.0110112458396,2832.00606140469,13.0,11.0,24.0,0.06575342465753424
Viet Nam,VNM,2013,88.9509772821552,6758.40433634749,19.0,66.0,85.0,0.2328767123287671
Virgin Islands (U.S.),VIR,2013,89.315949039943,32333.9108031447,24.0,69.0,93.0,0.2547945205479452
West Bank and Gaza,PSE,2013,23.1009471548868,5287.84746119629,10.0,82.0,92.0,0.25205479452054796
"Yemen, Rep.",YEM,2013,10.0425870529465,3164.32154223615,15.0,69.0,84.0,0.23013698630136986
Zambia,ZMB,2013,77.5635341679316,3477.28178777683,14.0,25.0,39.0,0.10684931506849316
Zimbabwe,ZWE,2013,82.4564997678167,3783.94633704647,15.0,36.0,51.0,0.13972602739726028
Afghanistan,AFG,2014,23.7543620287041,2224.49074815215,14.0,16.0,30.0,0.0821917808219178
Albania,ALB,2014,69.4362392784368,11787.8549638025,26.0,99.0,125.0,0.3424657534246575
Algeria,DZA,2014,22.2257834239012,14694.143827383,10.0,62.0,72.0,0.19726027397260273
Angola,AGO,2014,94.0048417557068,9017.69018162269,12.0,45.0,57.0,0.15616438356164383
Argentina,ARG,2014,65.8505423083867,19487.4181748868,26.0,15.0,41.0,0.11232876712328767
Armenia,ARM,2014,75.6152031012978,9736.2349746279,41.0,99.0,140.0,0.3835616438356164
Australia,AUS,2014,82.6374616402489,47108.5906459966,28.0,15.0,43.0,0.1178082191780822
Austria,AUT,2014,83.0736791007418,48355.4977624407,23.0,63.0,86.0,0.2356164383561644
Azerbaijan,AZE,2014,91.8059767452492,17563.6122454385,31.0,5.0,36.0,0.09863013698630137
"Bahamas, The",BHS,2014,89.8716485658234,31726.1740873862,18.0,10.0,28.0,0.07671232876712329
Bahrain,BHR,2014,49.7776494369044,54299.0564613228,17.0,67.0,84.0,0.23013698630136986
Bangladesh,BGD,2014,41.2810643975259,3972.50647733491,30.0,15.0,45.0,0.1232876712328767
Barbados,BRB,2014,90.5361285333792,18594.9001828335,21.0,66.0,87.0,0.23835616438356164
Belarus,BLR,2014,82.7215073659232,19037.8847440186,22.0,10.0,32.0,0.08767123287671233
Belgium,BEL,2014,81.1469328567093,45147.6429534057,20.0,62.0,82.0,0.22465753424657534
Belize,BLZ,2014,59.5369404906974,9489.91221371385,17.0,64.0,81.0,0.2219178082191781
Benin,BEN,2014,95.3876978561411,2670.41561399187,15.0,81.0,96.0,0.26301369863013696
Bhutan,BTN,2014,77.207198178981,9323.39448941386,18.0,30.0,48.0,0.13150684931506848
Bolivia,BOL,2014,73.1257754639993,8628.94266128598,20.0,15.0,35.0,0.0958904109589041
Bosnia and Herzegovina,BIH,2014,62.2479766294718,11167.8379494776,17.0,84.0,101.0,0.27671232876712326
Botswana,BWA,2014,82.0039909616457,15003.3197518349,16.0,15.0,31.0,0.08493150684931507
Brazil,BRA,2014,69.4912796445944,15827.3081625749,20.0,38.0,58.0,0.1589041095890411
Brunei Darussalam,BRN,2014,78.0138467607013,81225.5485449793,19.0,8.0,27.0,0.07397260273972603
Bulgaria,BGR,2014,80.6980971599153,17990.7621498811,24.0,66.0,90.0,0.2465753424657534
Burkina Faso,BFA,2014,87.6557581516897,1661.31773793757,13.0,59.0,72.0,0.19726027397260273
Burundi,BDI,2014,104.00858335811,724.371954183273,14.0,57.0,71.0,0.19452054794520549
Cabo Verde,CPV,2014,77.8055125332692,6416.83301150977,11.0,80.0,91.0,0.2493150684931507
Cambodia,KHM,2014,85.7571041558591,4117.78868309006,25.0,59.0,84.0,0.23013698630136986
Cameroon,CMR,2014,86.6976334959307,3422.26128158344,15.0,59.0,74.0,0.20273972602739726
Canada,CAN,2014,86.2307508065993,45758.1007297304,57.0,68.0,125.0,0.3424657534246575
Central African Republic,CAF,2014,79.7976716374198,698.963738923072,14.0,8.0,22.0,0.06027397260273973
Chad,TCD,2014,69.8252321135991,2133.18441198787,14.0,57.0,71.0,0.19452054794520549
Chile,CHL,2014,67.7443690052807,22553.6161787372,16.0,11.0,27.0,0.07397260273972603
China,CHN,2014,82.3148681934909,12941.5964809146,55.0,29.0,84.0,0.23013698630136986
Colombia,COL,2014,69.1735942550275,13355.3624162195,33.0,15.0,48.0,0.13150684931506848
Comoros,COM,2014,57.943842504072,2937.61192894981,13.0,60.0,73.0,0.2
"Congo, Dem. Rep.",COD,2014,89.7517863858593,859.356816141236,17.0,61.0,78.0,0.2136986301369863
"Congo, Rep.",COG,2014,95.8740483831508,5733.18393561256,12.0,66.0,78.0,0.2136986301369863
Costa Rica,CRI,2014,66.2126957104903,16393.8095428323,19.0,11.0,30.0,0.0821917808219178
Cote d'Ivoire,CIV,2014,82.0550164014755,4074.21445539789,14.0,39.0,53.0,0.14520547945205478
Croatia,HRV,2014,78.7723959397779,22706.1799469484,14.0,8.0,22.0,0.06027397260273973
Cyprus,CYP,2014,83.9072442312346,29892.7109375,19.0,36.0,55.0,0.1506849315068493
Czechia,CZE,2014,74.5349178403756,32743.489773169,18.0,64.0,82.0,0.22465753424657534
Denmark,DNK,2014,86.9148919976253,47879.5955558233,19.0,8.0,27.0,0.07397260273972603
Djibouti,DJI,2014,36.4963352519773,3978.34667092554,12.0,69.0,81.0,0.2219178082191781
Dominican Republic,DOM,2014,61.2824357363807,13464.7925609074,16.0,57.0,73.0,0.2
Ecuador,ECU,2014,61.2551860557718,11835.6091276538,15.0,57.0,72.0,0.19726027397260273
"Egypt, Arab Rep.",EGY,2014,31.795223716717,10256.4367553616,28.0,87.0,115.0,0.3150684931506849
El Salvador,SLV,2014,61.3829319329859,7503.71105811981,21.0,66.0,87.0,0.23835616438356164
Equatorial Guinea,GNQ,2014,79.7229313150313,27177.271665026,14.0,78.0,92.0,0.25205479452054796
Estonia,EST,2014,79.2824747063612,29403.6584494815,12.0,82.0,94.0,0.25753424657534246
Eswatini,SWZ,2014,82.5026961087637,8365.743287389,12.0,22.0,34.0,0.09315068493150686
Ethiopia,ETH,2014,82.907425265188,1484.63145566608,13.0,77.0,90.0,0.2465753424657534
Fiji,FJI,2014,54.4002095337873,10516.2597115551,9.0,15.0,24.0,0.06575342465753424
Finland,FIN,2014,88.689473768625,41547.0984485393,15.0,8.0,23.0,0.06301369863013699
France,FRA,2014,83.6797296632273,40218.1258637776,19.0,57.0,76.0,0.20821917808219179
Gabon,GAB,2014,70.2034140856588,14853.6712460355,15.0,85.0,100.0,0.273972602739726
"Gambia, The",GMB,2014,86.3353554207497,1933.70329718446,13.0,66.0,79.0,0.21643835616438356
Georgia,GEO,2014,78.1188565963551,11770.6989360253,21.0,92.0,113.0,0.3095890410958904
Germany,DEU,2014,81.7862398270218,47938.7968210418,52.0,15.0,67.0,0.18356164383561643
Ghana,GHA,2014,88.2338806567882,5517.13178763566,21.0,13.0,34.0,0.09315068493150686
Greece,GRC,2014,73.0053013018387,26450.181326726,12.0,83.0,95.0,0.2602739726027397
Guatemala,GTM,2014,48.5877491492465,8236.65929901849,15.0,8.0,23.0,0.06301369863013699
Guinea,GIN,2014,74.4315473902683,1873.21413058957,12.0,59.0,71.0,0.19452054794520549
Guinea-Bissau,GNB,2014,78.9846799994363,1455.90813665193,9.0,50.0,59.0,0.16164383561643836
Guyana,GUY,2014,58.6949783013019,11145.0291198724,16.0,15.0,31.0,0.08493150684931507
Haiti,HTI,2014,87.68219084491,3075.73843837062,19.0,66.0,85.0,0.2328767123287671
Honduras,HND,2014,55.9011871635661,4460.05742833175,20.0,64.0,84.0,0.23013698630136986
"Hong Kong SAR, China",HKG,2014,79.2081534349576,54514.9268059819,26.0,78.0,104.0,0.28493150684931506
Hungary,HUN,2014,78.9483034286729,25796.2100959256,14.0,8.0,22.0,0.06027397260273973
Iceland,ISL,2014,89.8018837284833,45996.9687476901,24.0,76.0,100.0,0.273972602739726
India,IND,2014,33.9574239987748,5191.59149903249,62.0,34.0,96.0,0.26301369863013696
Indonesia,IDN,2014,61.2193087440612,10064.677127417,25.0,33.0,58.0,0.1589041095890411
"Iran, Islamic Rep.",IRN,2014,19.1442967852197,16065.158186028,27.0,88.0,115.0,0.3150684931506849
Iraq,IRQ,2014,18.7412931246415,13168.245587417,20.0,73.0,93.0,0.2547945205479452
Ireland,IRL,2014,79.7825328526573,52640.7843918553,13.0,85.0,98.0,0.2684931506849315
Israel,ISR,2014,84.3006713667008,34816.2422460071,46.0,64.0,110.0,0.3013698630136986
Italy,ITA,2014,67.9953467683991,36665.68576775,19.0,93.0,112.0,0.30684931506849317
Jamaica,JAM,2014,76.8272729837231,9209.58586596513,16.0,57.0,73.0,0.2
Japan,JPN,2014,69.9108627969463,39555.4120089198,27.0,43.0,70.0,0.1917808219178082
Jordan,JOR,2014,21.1051736284129,9144.67793204995,20.0,81.0,101.0,0.27671232876712326
Kazakhstan,KAZ,2014,86.4116355220073,23958.1128890603,24.0,8.0,32.0,0.08767123287671233
Kenya,KEN,2014,92.4648206990468,3359.48950665093,15.0,22.0,37.0,0.10136986301369863
"Korea, Rep.",KOR,2014,71.2965382552366,37032.1724172561,23.0,39.0,62.0,0.16986301369863013
Kuwait,KWT,2014,56.9839535284983,68336.5991533112,15.0,52.0,67.0,0.18356164383561643
Kyrgyz Republic,KGZ,2014,66.8356243242864,4228.1951482992,16.0,99.0,115.0,0.3150684931506849
Lao PDR,LAO,2014,88.0382101872987,5798.50436730091,9.0,66.0,75.0,0.2054794520547945
Latvia,LVA,2014,80.1338044050214,21553.6623204436,26.0,92.0,118.0,0.3232876712328767
Lebanon,LBN,2014,37.2094045264777,16139.8649966955,28.0,83.0,111.0,0.3041095890410959
Lesotho,LSO,2014,76.6720149202562,2771.24496867163,11.0,61.0,72.0,0.19726027397260273
Liberia,LBR,2014,87.4448187379149,1418.77355515891,12.0,43.0,55.0,0.1506849315068493
Libya,LBY,2014,53.3251058378767,17509.5285087845,14.0,-174.0,-160.0,-0.4383561643835616
Lithuania,LTU,2014,82.7829427583557,26274.7488764946,21.0,92.0,113.0,0.3095890410958904
Luxembourg,LUX,2014,79.3622324902724,105296.284588232,13.0,8.0,21.0,0.057534246575342465
"Macao SAR, China",MAC,2014,85.9310023189232,145187.080794416,21.0,64.0,85.0,0.2328767123287671
Madagascar,MDG,2014,93.8068622710046,1498.83976908219,13.0,89.0,102.0,0.27945205479452057
Malawi,MWI,2014,86.6048805604108,1505.55190404024,13.0,50.0,63.0,0.1726027397260274
Malaysia,MYS,2014,64.5906380364958,24306.5212338415,52.0,38.0,90.0,0.2465753424657534
Maldives,MDV,2014,56.8477030328308,16722.523852619,14.0,46.0,60.0,0.1643835616438356
Mali,MLI,2014,74.3037536758346,2184.87660281666,12.0,62.0,74.0,0.20273972602739726
Malta,MLT,2014,61.9887930528663,35205.7012669646,19.0,88.0,107.0,0.29315068493150687
Mauritania,MRT,2014,44.9968228487342,3865.1425867687,8.0,57.0,65.0,0.1780821917808219
Mauritius,MUS,2014,60.5371319936272,19294.4682829555,13.0,29.0,42.0,0.11506849315068493
Mexico,MEX,2014,55.2693030103051,18820.7991098584,37.0,50.0,87.0,0.23835616438356164
Moldova,MDA,2014,99.8168286843396,8643.06431435343,40.0,8.0,48.0,0.13150684931506848
Mongolia,MNG,2014,81.1063468735322,10900.2305197857,26.0,85.0,111.0,0.3041095890410959
Montenegro,MNE,2014,76.3235543496693,15276.0334064191,10.0,81.0,91.0,0.2493150684931507
Morocco,MAR,2014,34.7663210472409,7237.27734375,16.0,22.0,38.0,0.10410958904109589
Mozambique,MOZ,2014,98.3612060926329,1165.82826607505,11.0,75.0,86.0,0.2356164383561644
Myanmar,MMR,2014,64.4533275986389,4376.38833281274,21.0,20.0,41.0,0.11232876712328767
Namibia,NAM,2014,88.2818649011528,10365.3090596781,15.0,22.0,37.0,0.10136986301369863
Nepal,NPL,2014,47.5530106468641,2901.19752086169,44.0,23.0,67.0,0.18356164383561643
Netherlands,NLD,2014,83.4085247716579,49751.3092860822,17.0,43.0,60.0,0.1643835616438356
New Zealand,NZL,2014,84.7597334268678,37331.3155732447,34.0,15.0,49.0,0.13424657534246576
Nicaragua,NIC,2014,57.6512327119663,5067.74639018687,16.0,15.0,31.0,0.08493150684931507
Niger,NER,2014,73.2367446140777,1161.32515723793,14.0,62.0,76.0,0.20821917808219179
Nigeria,NGA,2014,88.154353423668,7396.12835532947,20.0,46.0,66.0,0.18082191780821918
North Macedonia,MKD,2014,64.2320390815244,14485.1215168988,22.0,85.0,107.0,0.29315068493150687
Norway,NOR,2014,90.345646173867,66332.4614374198,29.0,13.0,42.0,0.11506849315068493
Oman,OMN,2014,33.3072416055621,44235.8336329334,10.0,85.0,95.0,0.2602739726027397
Pakistan,PAK,2014,29.5212287776436,4312.99070040776,24.0,85.0,109.0,0.29863013698630136
Panama,PAN,2014,62.5977684694369,24376.0808599604,21.0,78.0,99.0,0.27123287671232876
Papua New Guinea,PNG,2014,96.3700559368429,3499.5484675555,10.0,46.0,56.0,0.15342465753424658
Paraguay,PRY,2014,66.7173699705594,12607.0721636671,11.0,11.0,22.0,0.06027397260273973
Peru,PER,2014,81.5778321875883,11517.7371710247,21.0,31.0,52.0,0.14246575342465753
Philippines,PHL,2014,65.0273368723441,6688.73961232553,24.0,19.0,43.0,0.1178082191780822
Poland,POL,2014,75.9188302731202,25459.7392273761,20.0,76.0,96.0,0.26301369863013696
Portugal,PRT,2014,83.4515293058767,28764.5254955042,13.0,97.0,110.0,0.3013698630136986
Qatar,QAT,2014,57.1268555157758,148389.2001335,16.0,63.0,79.0,0.21643835616438356
Romania,ROU,2014,70.367829171966,20632.9924390362,24.0,85.0,109.0,0.29863013698630136
Russian Federation,RUS,2014,78.4103989443836,25688.2265625,32.0,94.0,126.0,0.3452054794520548
Rwanda,RWA,2014,80.4127518761449,1677.56869684182,13.0,22.0,35.0,0.0958904109589041
Samoa,WSM,2014,61.0816464833967,5468.10058532556,10.0,43.0,53.0,0.14520547945205478
Sao Tome and Principe,STP,2014,89.7217288336294,3233.3568807314,7.0,78.0,85.0,0.2328767123287671
Saudi Arabia,SAU,2014,25.9894391469292,62578.0708415156,27.0,73.0,100.0,0.273972602739726
Senegal,SEN,2014,58.1223051125864,2853.80456250635,16.0,88.0,104.0,0.28493150684931506
Serbia,SRB,2014,72.2355431349528,15296.1484591287,18.0,78.0,96.0,0.26301369863013696
Sierra Leone,SLE,2014,97.7399364682602,2762.04553745948,8.0,75.0,83.0,0.2273972602739726
Singapore,SGP,2014,78.218054847189,84555.2446100826,33.0,29.0,62.0,0.16986301369863013
Slovak Republic,SVK,2014,76.3442596479897,29108.072180194,30.0,64.0,94.0,0.25753424657534246
Slovenia,SVN,2014,82.9349542153457,30571.9753019832,16.0,68.0,84.0,0.23013698630136986
Solomon Islands,SLB,2014,95.7978315882339,2377.38397015815,24.0,29.0,53.0,0.14520547945205478
"Somalia, Fed. Rep.",SOM,2014,43.8449768387516,1127.71922200338,11.0,91.0,102.0,0.27945205479452057
South Africa,ZAF,2014,76.3666228646518,13358.9417186608,27.0,6.0,33.0,0.09041095890410959
South Sudan,SSD,2014,95.4058781437999,1372.75618491146,16.0,41.0,57.0,0.15616438356164383
Spain,ESP,2014,80.8172478923849,33760.9555646369,57.0,80.0,137.0,0.37534246575342467
Sri Lanka,LKA,2014,46.3297249037442,11720.5978110374,30.0,18.0,48.0,0.13150684931506848
St. Lucia,LCA,2014,84.2165393556958,14403.0832732506,12.0,74.0,86.0,0.2356164383561644
Sudan,SDN,2014,36.1303918534565,4260.57177734375,14.0,45.0,59.0,0.16164383561643836
Suriname,SUR,2014,65.8007482500604,16597.5853539637,13.0,71.0,84.0,0.23013698630136986
Sweden,SWE,2014,89.2123490409661,46841.4019746739,15.0,71.0,86.0,0.2356164383561644
Switzerland,CHE,2014,83.5260193494489,63417.0438110319,31.0,22.0,53.0,0.14520547945205478
Tajikistan,TJK,2014,42.9261452165784,3151.72452793203,8.0,78.0,86.0,0.2356164383561644
Tanzania,TZA,2014,90.9327277888164,2221.1796875,18.0,61.0,79.0,0.21643835616438356
Thailand,THA,2014,78.1917668766304,15365.3175402829,29.0,30.0,59.0,0.16164383561643836
Timor-Leste,TLS,2014,84.650720079457,2859.86058251703,14.0,21.0,35.0,0.0958904109589041
Togo,TGO,2014,91.5887080835365,1803.14811022135,14.0,71.0,85.0,0.2328767123287671
Tonga,TON,2014,63.2761246485473,5335.91576294869,10.0,43.0,53.0,0.14520547945205478
Trinidad and Tobago,TTO,2014,71.3398094576357,32026.5300957073,22.0,57.0,79.0,0.21643835616438356
Tunisia,TUN,2014,36.6316478760961,10946.8935757638,11.0,80.0,91.0,0.2493150684931507
Turkiye,TUR,2014,42.4638639850248,24192.537613837,17.0,92.0,109.0,0.29863013698630136
Turkmenistan,TKM,2014,82.3260928196511,12476.5344358387,23.0,78.0,101.0,0.27671232876712326
Uganda,UGA,2014,95.9314639373993,2134.00916281741,15.0,22.0,37.0,0.10136986301369863
Ukraine,UKR,2014,80.4153501738565,10493.7451171875,39.0,8.0,47.0,0.12876712328767123
United Arab Emirates,ARE,2014,51.2021032733278,87477.7341963514,16.0,28.0,44.0,0.12054794520547946
United Kingdom,GBR,2014,83.0165677692262,41266.8197795309,28.0,50.0,78.0,0.2136986301369863
United States,USA,2014,81.7363353404893,55153.3940182967,107.0,70.0,177.0,0.4849315068493151
Uruguay,URY,2014,75.1538766345265,21867.8112276315,6.0,74.0,80.0,0.2191780821917808
Uzbekistan,UZB,2014,53.8589177477305,6609.76717277708,9.0,8.0,17.0,0.04657534246575343
Vanuatu,VUT,2014,83.3449560069439,2890.13103819703,14.0,11.0,25.0,0.0684931506849315
Viet Nam,VNM,2014,89.1561413142962,7296.8794808738,27.0,66.0,93.0,0.2547945205479452
Virgin Islands (U.S.),VIR,2014,89.387508597695,32360.9003833552,24.0,69.0,93.0,0.2547945205479452
West Bank and Gaza,PSE,2014,24.1912162063476,5381.63690987475,16.0,82.0,98.0,0.2684931506849315
Zambia,ZMB,2014,77.9700132738023,3441.31497643775,14.0,25.0,39.0,0.10684931506849316
Zimbabwe,ZWE,2014,82.4036151157711,3903.42797706084,15.0,36.0,51.0,0.13972602739726028
Afghanistan,AFG,2015,25.3797737292187,2284.07584789349,19.0,16.0,35.0,0.0958904109589041
Albania,ALB,2015,73.3258633300652,12386.592266883,26.0,99.0,125.0,0.3424657534246575
Algeria,DZA,2015,22.3106055067335,13807.3515841478,12.0,62.0,74.0,0.20273972602739726
Angola,AGO,2015,94.1150262233311,8067.48584683018,12.0,45.0,57.0,0.15616438356164383
Argentina,ARG,2015,66.451215758695,19899.1499275245,26.0,15.0,41.0,0.11232876712328767
Armenia,ARM,2015,75.5675356947311,9756.84084836026,33.0,99.0,132.0,0.36164383561643837
Australia,AUS,2015,83.1052602000674,46464.5867627929,28.0,15.0,43.0,0.1178082191780822
Austria,AUT,2015,83.1619342312826,49549.3162311441,23.0,63.0,86.0,0.2356164383561644
Azerbaijan,AZE,2015,92.1452702702703,15075.2726347911,30.0,5.0,35.0,0.0958904109589041
"Bahamas, The",BHS,2015,90.1860405440082,32137.5784729905,19.0,10.0,29.0,0.07945205479452055
Bahrain,BHR,2015,50.0247995847511,48034.2468880503,18.0,67.0,85.0,0.2328767123287671
Bangladesh,BGD,2015,41.5316587395957,4212.23578089428,31.0,15.0,46.0,0.12602739726027398
Barbados,BRB,2015,88.7207347044367,19185.5186407924,20.0,66.0,86.0,0.2356164383561644
Belarus,BLR,2015,82.6798951492432,18133.5313085883,26.0,10.0,36.0,0.09863013698630137
Belgium,BEL,2015,81.4957424432609,46071.914889496,20.0,62.0,82.0,0.22465753424657534
Belize,BLZ,2015,60.7131622985266,9538.38691146009,14.0,64.0,78.0,0.2136986301369863
Benin,BEN,2015,95.9223637235573,2725.33724817144,15.0,81.0,96.0,0.26301369863013696
Bhutan,BTN,2015,78.5899103683902,10213.8139608922,17.0,30.0,47.0,0.12876712328767123
Bolivia,BOL,2015,73.1727340362759,8757.31777115406,21.0,15.0,36.0,0.09863013698630137
Bosnia and Herzegovina,BIH,2015,62.2129637048313,11845.4522958172,18.0,84.0,102.0,0.27945205479452057
Botswana,BWA,2015,82.446683852824,14143.6940733728,16.0,15.0,31.0,0.08493150684931507
Brazil,BRA,2015,70.4315206910671,14821.4383175183,18.0,38.0,56.0,0.15342465753424658
Brunei Darussalam,BRN,2015,78.6380891038906,62707.8264437741,19.0,8.0,27.0,0.07397260273972603
Bulgaria,BGR,2015,81.0583753389563,18896.102861651,26.0,66.0,92.0,0.25205479452054796
Burkina Faso,BFA,2015,87.5890410958904,1691.57935387408,14.0,59.0,73.0,0.2
Burundi,BDI,2015,103.361441312331,722.032898379933,14.0,57.0,71.0,0.19452054794520549
Cabo Verde,CPV,2015,78.0709283939462,6773.48679969386,11.0,80.0,91.0,0.2493150684931507
Cambodia,KHM,2015,85.0186441855618,4433.64393500572,28.0,59.0,87.0,0.23835616438356164
Cameroon,CMR,2015,85.4731577713527,3497.66067563959,15.0,59.0,74.0,0.20273972602739726
Canada,CAN,2015,85.9420371571143,44668.0912814303,57.0,68.0,125.0,0.3424657534246575
Central African Republic,CAF,2015,79.2824622108906,768.870887999174,14.0,8.0,22.0,0.06027397260273973
Chad,TCD,2015,69.3039538714992,2377.51137185751,15.0,57.0,72.0,0.19726027397260273
Chile,CHL,2015,67.6301509697523,22468.3125745547,16.0,11.0,27.0,0.07397260273972603
China,CHN,2015,82.5400801603206,13463.3331511105,51.0,29.0,80.0,0.2191780821917808
Colombia,COL,2015,69.6714076764009,13332.0555048211,32.0,15.0,47.0,0.12876712328767123
Comoros,COM,2015,60.3679916681132,2949.47342240993,14.0,60.0,74.0,0.20273972602739726
"Congo, Dem. Rep.",COD,2015,89.8132279896593,910.393131638657,19.0,61.0,80.0,0.2191780821917808
"Congo, Rep.",COG,2015,95.4325060966863,4715.13431581624,12.0,66.0,78.0,0.2136986301369863
Costa Rica,CRI,2015,65.8268462023985,17525.1404625145,19.0,11.0,30.0,0.0821917808219178
Cote d'Ivoire,CIV,2015,79.7651273349225,4403.64296618998,16.0,39.0,55.0,0.1506849315068493
Croatia,HRV,2015,78.9409575367958,23749.636747943,14.0,8.0,22.0,0.06027397260273973
Cyprus,CYP,2015,85.4484463787395,31380.19921875,19.0,36.0,55.0,0.1506849315068493
Czechia,CZE,2015,75.3226304869256,34093.0280593748,18.0,64.0,82.0,0.22465753424657534
Denmark,DNK,2015,85.978579856594,48897.2099776611,19.0,8.0,27.0,0.07397260273972603
Djibouti,DJI,2015,37.1643506425661,4263.96288890455,13.0,69.0,82.0,0.22465753424657534
Dominican Republic,DOM,2015,63.2006509442629,14804.0974069659,16.0,57.0,73.0,0.2
Ecuador,ECU,2015,65.1385472616837,10877.7507461388,18.0,57.0,75.0,0.2054794520547945
"Egypt, Arab Rep.",EGY,2015,32.1445681273778,10903.3368231185,31.0,87.0,118.0,0.3232876712328767
El Salvador,SLV,2015,60.4374983245315,7933.73697858999,23.0,66.0,89.0,0.24383561643835616
Equatorial Guinea,GNQ,2015,79.6457283818525,19478.7010123338,12.0,78.0,90.0,0.2465753424657534
Estonia,EST,2015,80.8466513907823,29712.6299473728,12.0,82.0,94.0,0.25753424657534246
Eswatini,SWZ,2015,83.4756717242855,8391.07006084602,12.0,22.0,34.0,0.09315068493150686
Ethiopia,ETH,2015,81.7045203199032,1632.61818006837,13.0,77.0,90.0,0.2465753424657534
Fiji,FJI,2015,52.2061317677756,11519.3012187324,11.0,15.0,26.0,0.07123287671232877
Finland,FIN,2015,88.968640107905,42257.8593791297,15.0,8.0,23.0,0.06301369863013699
France,FRA,2015,83.9129862003096,40905.1767750994,19.0,57.0,76.0,0.20821917808219179
Gabon,GAB,2015,70.2771891158769,14306.4340768252,15.0,85.0,100.0,0.273972602739726
"Gambia, The",GMB,2015,86.6308180879459,1990.31625750973,17.0,66.0,83.0,0.2273972602739726
Georgia,GEO,2015,78.0801320009048,12269.6528932768,21.0,92.0,113.0,0.3095890410958904
Germany,DEU,2015,82.1639324469129,48545.400721962,53.0,15.0,68.0,0.1863013698630137
Ghana,GHA,2015,88.4695418009711,5191.37053389659,21.0,13.0,34.0,0.09315068493150686
Greece,GRC,2015,74.5832768667841,26607.7256796976,12.0,83.0,95.0,0.2602739726027397
Guatemala,GTM,2015,45.9794727020432,8934.00261178396,15.0,8.0,23.0,0.06301369863013699
Guinea,GIN,2015,72.6929594823602,1929.68091332187,13.0,59.0,72.0,0.19726027397260273
Guinea-Bissau,GNB,2015,79.328724321726,1729.94260310123,9.0,50.0,59.0,0.16164383561643836
Guyana,GUY,2015,60.2213801356203,11408.473901349,16.0,15.0,31.0,0.08493150684931507
Haiti,HTI,2015,87.9347206385405,3025.83461728258,19.0,66.0,85.0,0.2328767123287671
Honduras,HND,2015,57.0282256088597,4845.59566521125,20.0,64.0,84.0,0.23013698630136986
"Hong Kong SAR, China",HKG,2015,79.5851255927302,56043.042695697,28.0,78.0,106.0,0.29041095890410956
Hungary,HUN,2015,78.8138671720761,26937.7320818864,20.0,8.0,28.0,0.07671232876712329
Iceland,ISL,2015,90.3501694368243,49201.0640964553,24.0,76.0,100.0,0.273972602739726
India,IND,2015,34.0642019606587,5425.03599091046,63.0,34.0,97.0,0.26575342465753427
Indonesia,IDN,2015,61.5507710212394,10027.5372996025,24.0,33.0,57.0,0.15616438356164383
"Iran, Islamic Rep.",IRN,2015,20.9273182957393,14273.5499061586,26.0,88.0,114.0,0.31232876712328766
Iraq,IRQ,2015,19.4498936826943,9334.46604866315,22.0,73.0,95.0,0.2602739726027397
Ireland,IRL,2015,79.4057139545665,71588.2656638378,13.0,85.0,98.0,0.2684931506849315
Israel,ISR,2015,84.3894769351714,35870.7927156301,49.0,64.0,113.0,0.3095890410958904
Italy,ITA,2015,67.2304620163506,37384.3796455406,19.0,93.0,112.0,0.30684931506849317
Jamaica,JAM,2015,80.5040097940768,9476.14929465037,17.0,57.0,74.0,0.20273972602739726
Japan,JPN,2015,70.3755928727086,40898.80697396,27.0,43.0,70.0,0.1917808219178082
Jordan,JOR,2015,22.9271335603736,8967.07995837808,26.0,81.0,107.0,0.29315068493150687
Kazakhstan,KAZ,2015,86.0025750847413,22484.3651382607,21.0,8.0,29.0,0.07945205479452055
Kenya,KEN,2015,92.3343685300207,3678.32614146019,16.0,22.0,38.0,0.10410958904109589
"Korea, Rep.",KOR,2015,71.9636823164199,39794.1961180043,24.0,39.0,63.0,0.1726027397260274
Kuwait,KWT,2015,56.9436160939579,45267.3085347452,16.0,52.0,68.0,0.1863013698630137
Kyrgyz Republic,KGZ,2015,65.8896540234353,4153.3766990372,17.0,99.0,116.0,0.3178082191780822
Lao PDR,LAO,2015,88.0577839057408,6086.0673044622,9.0,66.0,75.0,0.2054794520547945
Latvia,LVA,2015,80.1629104289381,22543.9183164105,24.0,92.0,116.0,0.3178082191780822
Lebanon,LBN,2015,38.0637262047051,17045.898285301,29.0,83.0,112.0,0.30684931506849317
Lesotho,LSO,2015,75.9213109276456,3034.64692924848,11.0,61.0,72.0,0.19726027397260273
Liberia,LBR,2015,87.5305772249875,1340.43279741197,15.0,43.0,58.0,0.1589041095890411
Libya,LBY,2015,53.2671629445823,17903.2565395803,15.0,-174.0,-159.0,-0.43561643835616437
Lithuania,LTU,2015,83.8876730063808,26948.5919371645,21.0,92.0,113.0,0.3095890410958904
Luxembourg,LUX,2015,82.799621466512,107859.685999308,13.0,8.0,21.0,0.057534246575342465
"Macao SAR, China",MAC,2015,86.8183369653687,108656.763904919,21.0,64.0,85.0,0.2328767123287671
Madagascar,MDG,2015,93.6950625203993,1496.61172412841,13.0,89.0,102.0,0.27945205479452057
Malawi,MWI,2015,86.2807625649913,1403.08451209235,15.0,50.0,65.0,0.1780821917808219
Malaysia,MYS,2015,65.0033249782598,24526.3942716012,54.0,38.0,92.0,0.25205479452054796
Maldives,MDV,2015,57.0176346247653,17875.0989419262,15.0,46.0,61.0,0.16712328767123288
Mali,MLI,2015,76.7521753303744,2330.24293947692,13.0,62.0,75.0,0.2054794520547945
Malta,MLT,2015,63.02834957146,38368.7020383117,19.0,88.0,107.0,0.29315068493150687
Mauritania,MRT,2015,45.1857121081246,3977.61171275863,9.0,57.0,66.0,0.18082191780821918
Mauritius,MUS,2015,62.4474789915966,20269.523509561,16.0,29.0,45.0,0.1232876712328767
Mexico,MEX,2015,55.9108033805111,19071.4444196466,37.0,50.0,87.0,0.23835616438356164
Moldova,MDA,2015,97.5312631726851,9197.61838204272,38.0,8.0,46.0,0.12602739726027398
Mongolia,MNG,2015,80.7474912344336,10458.3027240524,28.0,85.0,113.0,0.3095890410958904
Montenegro,MNE,2015,77.7895837549754,16091.712641843,9.0,81.0,90.0,0.2465753424657534
Morocco,MAR,2015,34.569758201839,7799.09228515625,17.0,22.0,39.0,0.10684931506849316
Mozambique,MOZ,2015,97.5641121682024,1317.88785956822,11.0,75.0,86.0,0.2356164383561644
Myanmar,MMR,2015,64.3424402477486,4458.69054442659,21.0,20.0,41.0,0.11232876712328767
Namibia,NAM,2015,86.258572128337,10465.8920558516,14.0,22.0,36.0,0.09863013698630137
Nepal,NPL,2015,48.8884866039102,2957.30559145504,39.0,23.0,62.0,0.16986301369863013
Netherlands,NLD,2015,83.9458921712217,50956.6930942185,17.0,43.0,60.0,0.1643835616438356
New Zealand,NZL,2015,84.6725849689491,37513.2963872442,36.0,15.0,51.0,0.13972602739726028
Nicaragua,NIC,2015,58.2707537276552,5448.89226010317,17.0,15.0,32.0,0.08767123287671233
Niger,NER,2015,72.8761913760319,1172.19178758955,15.0,62.0,77.0,0.21095890410958903
Nigeria,NGA,2015,88.3157305728475,7307.83788188925,23.0,46.0,69.0,0.18904109589041096
North Macedonia,MKD,2015,63.6980938902105,15034.1677602787,25.0,85.0,110.0,0.3013698630136986
Norway,NOR,2015,90.4207379007453,60737.8868132779,29.0,13.0,42.0,0.11506849315068493
Oman,OMN,2015,33.8258972924208,36058.1666084788,10.0,85.0,95.0,0.2602739726027397
Pakistan,PAK,2015,30.3801477015062,4480.26313460985,26.0,85.0,111.0,0.3041095890410959
Panama,PAN,2015,64.3514236432268,27245.2788402631,20.0,78.0,98.0,0.2684931506849315
Papua New Guinea,PNG,2015,96.1067875086198,3669.73871592695,10.0,46.0,56.0,0.15342465753424658
Paraguay,PRY,2015,67.6592541402374,12679.0574753234,16.0,11.0,27.0,0.07397260273972603
Peru,PER,2015,80.2631266756827,11600.3873992867,21.0,31.0,52.0,0.14246575342465753
Philippines,PHL,2015,65.3850287495298,6894.26702217935,35.0,19.0,54.0,0.14794520547945206
Poland,POL,2015,75.8964692901802,26988.1069013509,20.0,76.0,96.0,0.26301369863013696
Portugal,PRT,2015,83.821119175837,29608.0071513956,13.0,97.0,110.0,0.3013698630136986
Qatar,QAT,2015,58.6274058095457,102545.863291279,23.0,63.0,86.0,0.2356164383561644
Romania,ROU,2015,69.863802348916,21624.5618152909,26.0,85.0,111.0,0.3041095890410959
Russian Federation,RUS,2015,77.904139555755,23994.013671875,22.0,94.0,116.0,0.3178082191780822
Rwanda,RWA,2015,80.8470881345375,1780.74171636863,18.0,22.0,40.0,0.1095890410958904
Samoa,WSM,2015,61.1774088733975,5681.77812768843,10.0,43.0,53.0,0.14520547945205478
Sao Tome and Principe,STP,2015,90.1774397972117,3171.50905832741,7.0,78.0,85.0,0.2328767123287671
Saudi Arabia,SAU,2015,27.3569875069546,53930.8273872622,20.0,73.0,93.0,0.2547945205479452
Senegal,SEN,2015,59.4768274368735,2994.28032714875,17.0,88.0,105.0,0.2876712328767123
Serbia,SRB,2015,72.0322768488479,15546.298142138,19.0,78.0,97.0,0.26575342465753427
Sierra Leone,SLE,2015,96.1012455081464,2560.04985807593,11.0,75.0,86.0,0.2356164383561644
Singapore,SGP,2015,79.6168831168831,87156.187383315,33.0,29.0,62.0,0.16986301369863013
Slovak Republic,SVK,2015,76.524417199611,30147.9903672541,30.0,64.0,94.0,0.25753424657534246
Slovenia,SVN,2015,82.8867254392085,31336.2043858881,17.0,68.0,85.0,0.2328767123287671
Solomon Islands,SLB,2015,95.760991846723,2353.78235283681,19.0,29.0,48.0,0.13150684931506848
"Somalia, Fed. Rep.",SOM,2015,43.9634722368007,1341.38999678728,12.0,91.0,103.0,0.2821917808219178
South Africa,ZAF,2015,76.7804846651434,13397.5234813346,25.0,6.0,31.0,0.08493150684931507
South Sudan,SSD,2015,94.5226216646702,1154.88686304107,16.0,41.0,57.0,0.15616438356164383
Spain,ESP,2015,81.058598804609,35228.6333036223,62.0,80.0,142.0,0.38904109589041097
Sri Lanka,LKA,2015,47.9271799880623,12227.1714849513,34.0,18.0,52.0,0.14246575342465753
St. Lucia,LCA,2015,84.3854659507735,14353.2224845845,12.0,74.0,86.0,0.2356164383561644
Sudan,SDN,2015,34.850750732787,4217.01025390625,15.0,45.0,60.0,0.1643835616438356
Suriname,SUR,2015,66.5696627865115,16543.5743051372,15.0,71.0,86.0,0.2356164383561644
Sweden,SWE,2015,89.9627148353362,48772.0696057277,15.0,71.0,86.0,0.2356164383561644
Switzerland,CHE,2015,83.9548722367323,65265.04573356,31.0,22.0,53.0,0.14520547945205478
Tajikistan,TJK,2015,41.383070797992,2975.47097476092,8.0,78.0,86.0,0.2356164383561644
Tanzania,TZA,2015,91.0902683037745,2317.27978515625,20.0,61.0,81.0,0.2219178082191781
Thailand,THA,2015,78.3706783706784,15791.1714762207,31.0,30.0,61.0,0.16712328767123288
Timor-Leste,TLS,2015,84.6879706000193,3107.57184587966,14.0,21.0,35.0,0.0958904109589041
Togo,TGO,2015,91.7748346555392,1879.66835517243,15.0,71.0,86.0,0.2356164383561644
Tonga,TON,2015,63.5216230960912,5471.79679402302,10.0,43.0,53.0,0.14520547945205478
Trinidad and Tobago,TTO,2015,69.6717794701276,29825.4628753017,19.0,57.0,76.0,0.20821917808219179
Tunisia,TUN,2015,37.4060258249641,10782.5438382441,13.0,80.0,93.0,0.2547945205479452
Turkiye,TUR,2015,44.0098621539841,25890.0548901058,18.0,92.0,110.0,0.3013698630136986
Turkmenistan,TKM,2015,82.3064408476556,12714.8137240363,23.0,78.0,101.0,0.27671232876712326
Uganda,UGA,2015,95.0773159313378,2189.96485919003,16.0,22.0,38.0,0.10410958904109589
Ukraine,UKR,2015,79.506165043179,9921.833984375,38.0,8.0,46.0,0.12602739726027398
United Arab Emirates,ARE,2015,52.3040349106067,73986.0636395945,24.0,28.0,52.0,0.14246575342465753
United Kingdom,GBR,2015,83.2885482284187,42515.278865824,29.0,50.0,79.0,0.21643835616438356
United States,USA,2015,81.4971298697514,56849.4697923159,110.0,70.0,180.0,0.4931506849315068
Uruguay,URY,2015,75.6822153515257,22168.6114189676,6.0,74.0,80.0,0.2191780821917808
Uzbekistan,UZB,2015,53.8878719160679,6799.57332842183,9.0,8.0,17.0,0.04657534246575343
Vanuatu,VUT,2015,83.698296836983,2965.84143257378,14.0,11.0,25.0,0.0684931506849315
Viet Nam,VNM,2015,88.4077314146353,7671.5819778084,26.0,66.0,92.0,0.25205479452054796
Virgin Islands (U.S.),VIR,2015,89.7690248072519,32573.7166812174,24.0,69.0,93.0,0.2547945205479452
West Bank and Gaza,PSE,2015,25.4212630121894,5769.98236633203,17.0,82.0,99.0,0.27123287671232876
Zambia,ZMB,2015,78.436629104568,3337.47306887696,15.0,25.0,40.0,0.1095890410958904
Zimbabwe,ZWE,2015,82.5572174673922,4045.89864738798,14.0,36.0,50.0,0.136986301369863
Afghanistan,AFG,2016,27.1056064334799,2213.1814410479,14.0,16.0,30.0,0.0821917808219178
Albania,ALB,2016,76.6623127160968,13055.8417473139,26.0,99.0,125.0,0.3424657534246575
Algeria,DZA,2016,21.9802877866168,13437.8460232169,11.0,62.0,73.0,0.2
Angola,AGO,2016,94.2272285582775,7766.83787525546,13.0,45.0,58.0,0.1589041095890411
Argentina,ARG,2016,67.0660201837966,20105.761359796,27.0,15.0,42.0,0.11506849315068493
Armenia,ARM,2016,75.4720416853429,10570.2720413936,31.0,99.0,130.0,0.3561643835616438
Australia,AUS,2016,83.9924750346545,47446.2103030951,29.0,15.0,44.0,0.12054794520547946
Austria,AUT,2016,83.4599957779185,52397.8635176674,23.0,63.0,86.0,0.2356164383561644
Azerbaijan,AZE,2016,91.7931646693298,14535.8020210633,27.0,5.0,32.0,0.08767123287671233
"Bahamas, The",BHS,2016,90.5017392085638,32285.2760366069,21.0,10.0,31.0,0.08493150684931507
Bahrain,BHR,2016,50.0315979363675,47428.9018907649,17.0,67.0,84.0,0.23013698630136986
Bangladesh,BGD,2016,41.8012329348342,4579.13228682862,33.0,15.0,48.0,0.13150684931506848
Barbados,BRB,2016,89.3014753138434,19175.570190422,23.0,66.0,89.0,0.24383561643835616
Belarus,BLR,2016,82.6254500450045,17832.4778855815,22.0,10.0,32.0,0.08767123287671233
Belgium,BEL,2016,81.3496452331932,48414.5518065681,20.0,62.0,82.0,0.22465753424657534
Belize,BLZ,2016,61.8938372136996,9399.03567052789,16.0,64.0,80.0,0.2191780821917808
Benin,BEN,2016,96.4487843762455,2842.0246258376,15.0,81.0,96.0,0.26301369863013696
Bhutan,BTN,2016,78.7535329478774,11273.2823807676,26.0,30.0,56.0,0.15342465753424658
Bolivia,BOL,2016,73.2209015128126,9242.02728323599,21.0,15.0,36.0,0.09863013698630137
Bosnia and Herzegovina,BIH,2016,62.2063346376181,12899.3962262974,18.0,84.0,102.0,0.27945205479452057
Botswana,BWA,2016,82.8764018657426,16228.1231235664,19.0,15.0,34.0,0.09315068493150686
Brazil,BRA,2016,70.8525284617421,14309.2061488342,22.0,38.0,60.0,0.1643835616438356
Brunei Darussalam,BRN,2016,79.2619284294234,56679.5185221407,18.0,8.0,26.0,0.07123287671232877
Bulgaria,BGR,2016,79.540233739667,20745.8472094399,19.0,66.0,85.0,0.2328767123287671
Burkina Faso,BFA,2016,87.5237423994457,1881.75893134407,14.0,59.0,73.0,0.2
Burundi,BDI,2016,102.786625214136,764.282221636916,13.0,57.0,70.0,0.1917808219178082
Cabo Verde,CPV,2016,78.3341125371379,7350.75358726727,13.0,80.0,93.0,0.2547945205479452
Cambodia,KHM,2016,86.1960125346292,4748.12428521528,30.0,59.0,89.0,0.24383561643835616
Cameroon,CMR,2016,84.1433699269002,3626.99932028578,16.0,59.0,75.0,0.2054794520547945
Canada,CAN,2016,86.321356662791,46470.6466391109,58.0,68.0,126.0,0.3452054794520548
Central African Republic,CAF,2016,79.288238079627,826.013301383169,14.0,8.0,22.0,0.06027397260273973
Chad,TCD,2016,68.7793362416478,2120.08751553857,15.0,57.0,72.0,0.19726027397260273
Chile,CHL,2016,68.4393624767401,23256.5036042211,18.0,11.0,29.0,0.07945205479452055
China,CHN,2016,82.7812458493824,14157.2514988004,51.0,29.0,80.0,0.2191780821917808
Colombia,COL,2016,69.5860621860495,14026.8399931053,32.0,15.0,47.0,0.12876712328767123
Comoros,COM,2016,62.7704521448772,3139.05160740465,13.0,60.0,73.0,0.2
"Congo, Dem. Rep.",COD,2016,90.0214607939034,950.022298158597,20.0,61.0,81.0,0.2219178082191781
"Congo, Rep.",COG,2016,95.176116838488,4016.04908525318,12.0,66.0,78.0,0.2136986301369863
Costa Rica,CRI,2016,62.2883363337349,19201.7453233396,21.0,11.0,32.0,0.08767123287671233
Cote d'Ivoire,CIV,2016,77.5267871421718,4530.64849808487,16.0,39.0,55.0,0.1506849315068493
Croatia,HRV,2016,78.1485840891782,25802.6823323622,14.0,8.0,22.0,0.06027397260273973
Cyprus,CYP,2016,84.2442289067808,35246.90234375,19.0,36.0,55.0,0.1506849315068493
Czechia,CZE,2016,75.7544697113906,36445.0485732064,19.0,64.0,83.0,0.2273972602739726
Denmark,DNK,2016,87.5140351409583,51820.9521305491,19.0,8.0,27.0,0.07397260273972603
Djibouti,DJI,2016,37.9105800895044,4431.56588556176,12.0,69.0,81.0,0.2219178082191781
Dominican Republic,DOM,2016,63.882600787721,16282.1899127514,17.0,57.0,74.0,0.20273972602739726
Ecuador,ECU,2016,69.1132261404318,10881.4890706732,14.0,57.0,71.0,0.19452054794520549
"Egypt, Arab Rep.",EGY,2016,32.938825041045,10665.6676499685,25.0,87.0,112.0,0.30684931506849317
El Salvador,SLV,2016,61.0837766844007,8455.61614773975,23.0,66.0,89.0,0.24383561643835616
Equatorial Guinea,GNQ,2016,79.6434604783498,16649.4757672359,15.0,78.0,93.0,0.2547945205479452
Estonia,EST,2016,80.3399409170698,31947.7769107437,12.0,82.0,94.0,0.25753424657534246
Eswatini,SWZ,2016,84.4011142061281,8484.12117278345,12.0,22.0,34.0,0.09315068493150686
Ethiopia,ETH,2016,80.445740323209,1857.54946515224,13.0,77.0,90.0,0.2465753424657534
Fiji,FJI,2016,50.0689081311595,11765.5379892236,14.0,15.0,29.0,0.07945205479452055
Finland,FIN,2016,88.2961297575076,44562.4011072067,15.0,8.0,23.0,0.06301369863013699
France,FRA,2016,84.1570224672594,42880.2351355431,19.0,57.0,76.0,0.20821917808219179
Gabon,GAB,2016,70.1799615812355,13997.7352841911,15.0,85.0,100.0,0.273972602739726
"Gambia, The",GMB,2016,86.4559995324281,2012.67648180251,13.0,66.0,79.0,0.21643835616438356
Georgia,GEO,2016,78.0513490455369,13065.294157468,21.0,92.0,113.0,0.3095890410958904
Germany,DEU,2016,82.747791952895,51569.9016841199,53.0,15.0,68.0,0.1863013698630137
Ghana,GHA,2016,88.6790884532798,5011.07931572904,23.0,13.0,36.0,0.09863013698630137
Greece,GRC,2016,74.9044391213496,27504.5497984948,12.0,83.0,95.0,0.2602739726027397
Guatemala,GTM,2016,47.8204057928932,9201.42836046353,15.0,8.0,23.0,0.06301369863013699
Guinea,GIN,2016,70.9538955624865,2255.32617992615,12.0,59.0,71.0,0.19452054794520549
Guinea-Bissau,GNB,2016,79.7244569304332,1824.3730977071,9.0,50.0,59.0,0.16164383561643836
Guyana,GUY,2016,61.7783857729138,11516.3798289577,18.0,15.0,33.0,0.09041095890410959
Haiti,HTI,2016,88.2536827680713,3253.47178641614,19.0,66.0,85.0,0.2328767123287671
Honduras,HND,2016,56.8751083913485,5186.15897417161,20.0,64.0,84.0,0.23013698630136986
"Hong Kong SAR, China",HKG,2016,79.9128437665626,56761.4824132224,28.0,78.0,106.0,0.29041095890410956
Hungary,HUN,2016,78.7554412653169,28178.9450366919,18.0,8.0,26.0,0.07123287671232877
Iceland,ISL,2016,89.2503881940114,53480.3971946764,24.0,76.0,100.0,0.273972602739726
India,IND,2016,34.205581012202,5800.48149366552,61.0,34.0,95.0,0.2602739726027397
Indonesia,IDN,2016,62.3061683705914,10262.5951651871,24.0,33.0,57.0,0.15616438356164383
"Iran, Islamic Rep.",IRN,2016,23.3404525513738,15194.7855803519,27.0,88.0,115.0,0.3150684931506849
Iraq,IRQ,2016,20.1829553908467,9079.13531769496,20.0,73.0,93.0,0.2547945205479452
Ireland,IRL,2016,80.5316279474463,73012.8198720374,14.0,85.0,99.0,0.27123287671232876
Israel,ISR,2016,84.9784079560001,38189.1610278241,46.0,64.0,110.0,0.3013698630136986
Italy,ITA,2016,67.961939007429,40482.562999856,19.0,93.0,112.0,0.30684931506849317
Jamaica,JAM,2016,79.6029105167962,9948.0414677444,17.0,57.0,74.0,0.20273972602739726
Japan,JPN,2016,71.3546700017054,40596.9686628995,27.0,43.0,70.0,0.1917808219178082
Jordan,JOR,2016,24.8760412534708,8747.87860930851,20.0,81.0,101.0,0.27671232876712326
Kazakhstan,KAZ,2016,85.5832206749006,23023.0872293899,21.0,8.0,29.0,0.07945205479452055
Kenya,KEN,2016,92.2056962842461,3916.65315673095,16.0,22.0,38.0,0.10410958904109589
"Korea, Rep.",KOR,2016,72.2693465678659,41672.6278317077,27.0,39.0,66.0,0.18082191780821918
Kuwait,KWT,2016,56.7357364580828,41862.1739255505,16.0,52.0,68.0,0.1863013698630137
Kyrgyz Republic,KGZ,2016,63.4333997389572,4603.75964247878,23.0,99.0,122.0,0.33424657534246577
Lao PDR,LAO,2016,88.0992384391929,6743.01053953037,13.0,66.0,79.0,0.21643835616438356
Latvia,LVA,2016,81.7947341741957,24063.4511245109,20.0,92.0,112.0,0.30684931506849317
Lebanon,LBN,2016,38.9310434707058,18940.5901000453,28.0,83.0,111.0,0.3041095890410959
Lesotho,LSO,2016,75.1668929622086,2942.18153663921,11.0,61.0,72.0,0.19726027397260273
Liberia,LBR,2016,87.6641731036331,1490.33581410026,13.0,43.0,56.0,0.15342465753424658
Libya,LBY,2016,53.2211005882077,16961.0177111717,14.0,-174.0,-160.0,-0.4383561643835616
Lithuania,LTU,2016,84.2336474081256,28698.9887868061,21.0,92.0,113.0,0.3095890410958904
Luxembourg,LUX,2016,83.0134059878015,113365.176082265,13.0,8.0,21.0,0.057534246575342465
"Macao SAR, China",MAC,2016,87.2123476156924,107653.177281832,21.0,64.0,85.0,0.2328767123287671
Madagascar,MDG,2016,93.8987338912795,1561.51962374608,13.0,89.0,102.0,0.27945205479452057
Malawi,MWI,2016,85.9769265742214,1409.95802703533,18.0,50.0,68.0,0.1863013698630137
Malaysia,MYS,2016,65.5161779445401,25285.8213541391,52.0,38.0,90.0,0.2465753424657534
Maldives,MDV,2016,57.1986091345237,18769.5060607629,16.0,46.0,62.0,0.16986301369863013
Mali,MLI,2016,74.4331958505187,2531.80496963482,12.0,62.0,74.0,0.20273972602739726
Malta,MLT,2016,65.2220907643545,40999.9620259653,19.0,88.0,107.0,0.29315068493150687
Mauritania,MRT,2016,45.3807611791757,4682.70259690033,8.0,57.0,65.0,0.1780821917808219
Mauritius,MUS,2016,61.5207466912313,21951.8307433111,17.0,29.0,46.0,0.12602739726027398
Mexico,MEX,2016,56.1981781712723,20104.5839787472,36.0,50.0,86.0,0.2356164383561644
Moldova,MDA,2016,96.9779678662878,10325.8404896126,35.0,8.0,43.0,0.1178082191780822
Mongolia,MNG,2016,80.2057030239576,10511.3831063141,27.0,85.0,112.0,0.30684931506849317
Montenegro,MNE,2016,75.4669308892742,18030.0907942324,11.0,81.0,92.0,0.25205479452054796
Morocco,MAR,2016,33.3988635059121,7853.17626953125,15.0,22.0,37.0,0.10136986301369863
Mozambique,MOZ,2016,97.3869095900668,1379.10740028691,13.0,75.0,88.0,0.2410958904109589
Myanmar,MMR,2016,63.2243398746532,4459.53981427471,23.0,20.0,43.0,0.1178082191780822
Namibia,NAM,2016,84.2702259475219,10200.1392609733,15.0,22.0,37.0,0.10136986301369863
Nepal,NPL,2016,50.0201207243461,2976.12513681451,40.0,23.0,63.0,0.1726027397260274
Netherlands,NLD,2016,84.553568945861,53162.2791598028,17.0,43.0,60.0,0.1643835616438356
New Zealand,NZL,2016,85.0695320697579,39988.9250855472,36.0,15.0,51.0,0.13972602739726028
Nicaragua,NIC,2016,58.8673045327148,5882.36645219746,17.0,15.0,32.0,0.08767123287671233
Niger,NER,2016,72.511674646805,1188.55709229837,14.0,62.0,76.0,0.20821917808219179
Nigeria,NGA,2016,88.5000233241592,7072.49693372311,21.0,46.0,67.0,0.18356164383561643
North Macedonia,MKD,2016,61.7902551925216,16457.5652245258,24.0,85.0,109.0,0.29863013698630136
Norway,NOR,2016,90.7286008615846,59280.1992028829,29.0,13.0,42.0,0.11506849315068493
Oman,OMN,2016,34.3673005960829,33333.8635893722,10.0,85.0,95.0,0.2602739726027397
Pakistan,PAK,2016,29.2922905706192,4630.7315068374,28.0,85.0,113.0,0.3095890410958904
Panama,PAN,2016,64.8732012487096,30276.7088496195,22.0,78.0,100.0,0.273972602739726
Papua New Guinea,PNG,2016,95.9004363735984,3812.71035100798,10.0,46.0,56.0,0.15342465753424658
Paraguay,PRY,2016,67.6361022938252,13329.1373366354,13.0,11.0,24.0,0.06575342465753424
Peru,PER,2016,81.4218556502711,12066.5460683317,22.0,31.0,53.0,0.14520547945205478
Philippines,PHL,2016,64.0185984722683,7382.66758431792,29.0,19.0,48.0,0.13150684931506848
Poland,POL,2016,75.6545859115433,28359.6927346266,20.0,76.0,96.0,0.26301369863013696
Portugal,PRT,2016,83.5543890893753,31589.2695609552,17.0,97.0,114.0,0.31232876712328766
Qatar,QAT,2016,59.4641006041695,89934.66888248,16.0,63.0,79.0,0.21643835616438356
Romania,ROU,2016,69.5833883969869,23905.1743665679,28.0,85.0,113.0,0.3095890410958904
Russian Federation,RUS,2016,77.8492338664579,24012.40234375,20.0,94.0,114.0,0.31232876712328766
Rwanda,RWA,2016,81.3465405526179,1866.38968530286,15.0,22.0,37.0,0.10136986301369863
Samoa,WSM,2016,61.4339790692496,6141.45089044263,11.0,43.0,54.0,0.14794520547945206
Sao Tome and Principe,STP,2016,91.1135928525846,3319.54261733278,7.0,78.0,85.0,0.2328767123287671
Saudi Arabia,SAU,2016,28.64839129999,49937.0668103808,13.0,73.0,86.0,0.2356164383561644
Senegal,SEN,2016,62.66748656871,3101.12348494108,15.0,88.0,103.0,0.2821917808219178
Serbia,SRB,2016,73.4894970942502,16455.4261201487,19.0,78.0,97.0,0.26575342465753427
Sierra Leone,SLE,2016,94.4408407987237,2634.9252433025,10.0,75.0,85.0,0.2328767123287671
Singapore,SGP,2016,80.1288585692255,89901.8159165036,28.0,29.0,57.0,0.15616438356164383
Slovak Republic,SVK,2016,77.1925440272837,29867.9803390081,30.0,64.0,94.0,0.25753424657534246
Slovenia,SVN,2016,84.4509625980424,33575.1775435757,17.0,68.0,85.0,0.2328767123287671
Solomon Islands,SLB,2016,95.6816915792405,2421.18991118943,20.0,29.0,49.0,0.13424657534246576
"Somalia, Fed. Rep.",SOM,2016,44.0825852027837,1468.50438474605,11.0,91.0,102.0,0.27945205479452057
South Africa,ZAF,2016,76.5235790081108,13519.3235102376,25.0,6.0,31.0,0.08493150684931507
Spain,ESP,2016,81.4289038864324,37612.7188681342,62.0,80.0,142.0,0.38904109589041097
Sri Lanka,LKA,2016,47.6810084806514,13078.5605089072,32.0,18.0,50.0,0.136986301369863
St. Lucia,LCA,2016,84.5554506654612,15306.7258058706,12.0,74.0,86.0,0.2356164383561644
Sudan,SDN,2016,33.5210113365608,4470.35498046875,14.0,45.0,59.0,0.16164383561643836
Suriname,SUR,2016,67.3339399454049,14475.3069644921,15.0,71.0,86.0,0.2356164383561644
Sweden,SWE,2016,89.9272474032805,50289.7687144136,15.0,71.0,86.0,0.2356164383561644
Switzerland,CHE,2016,84.3902111967818,67350.7518747757,31.0,22.0,53.0,0.14520547945205478
Tajikistan,TJK,2016,39.8760366349833,2913.85679547445,14.0,78.0,92.0,0.25205479452054796
Tanzania,TZA,2016,91.289444615262,2434.69995117188,18.0,61.0,79.0,0.21643835616438356
Thailand,THA,2016,78.2231120240246,16671.2506902144,32.0,30.0,62.0,0.16986301369863013
Timor-Leste,TLS,2016,84.718572811506,3390.76224054133,14.0,21.0,35.0,0.0958904109589041
Togo,TGO,2016,92.0019165000743,1932.92614273869,14.0,71.0,85.0,0.2328767123287671
Tonga,TON,2016,63.7736914027687,5920.1576147281,12.0,43.0,55.0,0.1506849315068493
Trinidad and Tobago,TTO,2016,71.5287440245767,28231.6820670092,21.0,57.0,78.0,0.2136986301369863
Tunisia,TUN,2016,38.2853694630824,10993.6638464522,11.0,80.0,91.0,0.2493150684931507
Turkiye,TUR,2016,45.0805407437315,26730.7599731835,18.0,92.0,110.0,0.3013698630136986
Turkmenistan,TKM,2016,82.3074504872682,12919.371222426,23.0,78.0,101.0,0.27671232876712326
Uganda,UGA,2016,94.1042696392891,2165.29759404413,19.0,22.0,41.0,0.11232876712328767
Ukraine,UKR,2016,78.6109017834715,10864.6572265625,31.0,8.0,39.0,0.10684931506849316
United Arab Emirates,ARE,2016,53.2810927234747,69986.9835675887,16.0,28.0,44.0,0.12054794520547946
United Kingdom,GBR,2016,83.8793116117749,44085.2025586772,27.0,50.0,77.0,0.21095890410958903
United States,USA,2016,81.5405413262785,57976.628204291,111.0,70.0,181.0,0.4958904109589041
Uruguay,URY,2016,76.4868790811963,22840.5507069805,5.0,74.0,79.0,0.21643835616438356
Uzbekistan,UZB,2016,53.9086128443367,6919.29475621804,10.0,8.0,18.0,0.049315068493150684
Vanuatu,VUT,2016,84.0729363099945,3029.80923948413,18.0,11.0,29.0,0.07945205479452055
Viet Nam,VNM,2016,88.6794067661911,8374.50684516118,20.0,66.0,86.0,0.2356164383561644
Virgin Islands (U.S.),VIR,2016,90.6041690434669,33470.5904765526,24.0,69.0,93.0,0.2547945205479452
West Bank and Gaza,PSE,2016,24.5487313790093,6062.23274844577,16.0,82.0,98.0,0.2684931506849315
Zambia,ZMB,2016,78.9607425441266,3313.35121570029,15.0,25.0,40.0,0.1095890410958904
Zimbabwe,ZWE,2016,82.8821787065986,4275.4493505094,17.0,36.0,53.0,0.14520547945205478
Afghanistan,AFG,2017,28.9369354640945,2335.79586234454,17.0,16.0,33.0,0.09041095890410959
Albania,ALB,2017,74.510861423221,14110.683242211,26.0,99.0,125.0,0.3424657534246575
Algeria,DZA,2017,21.780833917309,13493.560749484,12.0,62.0,74.0,0.20273972602739726
Angola,AGO,2017,94.3464803565236,8006.83661497696,14.0,45.0,59.0,0.16164383561643836
Argentina,ARG,2017,67.6939245036498,23385.0740904917,25.0,15.0,40.0,0.1095890410958904
Armenia,ARM,2017,75.5957988273835,12066.0043093819,31.0,99.0,130.0,0.3561643835616438
Australia,AUS,2017,84.5827859473662,48564.8286592372,28.0,15.0,43.0,0.1178082191780822
Austria,AUT,2017,83.556246603466,53869.8321183556,23.0,63.0,86.0,0.2356164383561644
Azerbaijan,AZE,2017,91.2414753978148,14315.9296431061,25.0,5.0,30.0,0.0821917808219178
"Bahamas, The",BHS,2017,90.8204127733854,34282.1710357791,19.0,10.0,29.0,0.07945205479452055
Bahrain,BHR,2017,49.9661778700084,50184.5005767301,17.0,67.0,84.0,0.23013698630136986
Bangladesh,BGD,2017,45.0526367511393,4882.60692615639,30.0,15.0,45.0,0.1232876712328767
Barbados,BRB,2017,89.0023063124626,18436.8050803186,21.0,66.0,87.0,0.23835616438356164
Belarus,BLR,2017,81.9408704408145,18413.747563367,22.0,10.0,32.0,0.08767123287671233
Belgium,BEL,2017,81.3808312128923,50256.0631772784,20.0,62.0,82.0,0.22465753424657534
Belize,BLZ,2017,61.4101706889374,9120.65338346029,17.0,64.0,81.0,0.2219178082191781
Benin,BEN,2017,96.9605024313331,2885.89383987721,15.0,81.0,96.0,0.26301369863013696
Bhutan,BTN,2017,78.9227402309442,11677.4142659974,26.0,30.0,56.0,0.15342465753424658
Bolivia,BOL,2017,75.6817658054439,10420.3923250933,19.0,15.0,34.0,0.09315068493150686
Bosnia and Herzegovina,BIH,2017,62.4775176213238,13627.0944831749,18.0,84.0,102.0,0.27945205479452057
Botswana,BWA,2017,83.2961358365061,15700.6650479641,18.0,15.0,33.0,0.09041095890410959
Brazil,BRA,2017,72.3163916977116,14559.0488897884,18.0,38.0,56.0,0.15342465753424658
Brunei Darussalam,BRN,2017,79.8693355574089,61657.6802725444,18.0,8.0,26.0,0.07123287671232877
Bulgaria,BGR,2017,80.4384841163021,22317.2548948063,21.0,66.0,87.0,0.23835616438356164
Burkina Faso,BFA,2017,87.456571223194,2042.40295259917,14.0,59.0,73.0,0.2
Burundi,BDI,2017,102.561281019959,791.393494929898,13.0,57.0,70.0,0.1917808219178082
Cabo Verde,CPV,2017,78.5977525374577,7935.76176281072,11.0,80.0,91.0,0.2493150684931507
Cambodia,KHM,2017,87.9883475917973,5050.06356615113,30.0,59.0,89.0,0.24383561643835616
Cameroon,CMR,2017,82.7474018361675,3767.43072883824,15.0,59.0,74.0,0.20273972602739726
Canada,CAN,2017,86.458937950366,48317.3874457163,59.0,68.0,127.0,0.34794520547945207
Central African Republic,CAF,2017,79.2649771822507,883.810734876066,14.0,8.0,22.0,0.06027397260273973
Chad,TCD,2017,68.2535715773252,2097.14425483604,15.0,57.0,72.0,0.19726027397260273
Chile,CHL,2017,69.5248461393749,24295.223766602,16.0,11.0,27.0,0.07397260273972603
China,CHN,2017,83.0455995496341,15022.4371883124,49.0,29.0,78.0,0.2136986301369863
Colombia,COL,2017,69.4967708932796,14400.6139849314,32.0,15.0,47.0,0.12876712328767123
Comoros,COM,2017,65.3372227531057,3347.45652997484,13.0,60.0,73.0,0.2
"Congo, Dem. Rep.",COD,2017,90.2634862385321,990.545051394781,17.0,61.0,78.0,0.2136986301369863
"Congo, Rep.",COG,2017,95.1152838802937,4444.63900215824,12.0,66.0,78.0,0.2136986301369863
Costa Rica,CRI,2017,61.7650224697936,20499.3442130778,19.0,11.0,30.0,0.0821917808219178
Cote d'Ivoire,CIV,2017,77.4108873573121,4690.17801861096,14.0,39.0,53.0,0.14520547945205478
Croatia,HRV,2017,77.7825541207421,27887.7588440919,14.0,8.0,22.0,0.06027397260273973
Cyprus,CYP,2017,84.4469286553731,37768.1171875,19.0,36.0,55.0,0.1506849315068493
Czechia,CZE,2017,76.1856031811005,39346.030564257,19.0,64.0,83.0,0.2273972602739726
Denmark,DNK,2017,87.4740557819625,55271.5976002659,19.0,8.0,27.0,0.07397260273972603
Djibouti,DJI,2017,38.724684692375,4676.71336058903,12.0,69.0,81.0,0.2219178082191781
Dominican Republic,DOM,2017,64.4295743170405,16846.2072320323,16.0,57.0,73.0,0.2
Ecuador,ECU,2017,69.9051719846682,11793.4797426944,14.0,57.0,71.0,0.19452054794520549
"Egypt, Arab Rep.",EGY,2017,32.8253085141014,11124.7351098149,25.0,87.0,112.0,0.30684931506849317
El Salvador,SLV,2017,60.038825656845,8965.2189086345,22.0,66.0,88.0,0.2410958904109589
Equatorial Guinea,GNQ,2017,79.7140065725198,18434.7708571004,13.0,78.0,91.0,0.2493150684931507
Estonia,EST,2017,80.8389347400664,34506.6486942506,12.0,82.0,94.0,0.25753424657534246
Eswatini,SWZ,2017,85.5692055692056,8584.31100767837,12.0,22.0,34.0,0.09315068493150686
Ethiopia,ETH,2017,79.1314548370879,2004.74755633129,13.0,77.0,90.0,0.2465753424657534
Fiji,FJI,2017,50.1831310853613,12585.2777215161,12.0,15.0,27.0,0.07397260273972603
Finland,FIN,2017,88.0981732601143,47234.8528600939,15.0,8.0,23.0,0.06301369863013699
France,FRA,2017,83.9246046218627,44469.1458856805,19.0,57.0,76.0,0.20821917808219179
Gabon,GAB,2017,69.9420998025369,14796.6286374171,15.0,85.0,100.0,0.273972602739726
"Gambia, The",GMB,2017,86.9781078967944,2038.95429850128,13.0,66.0,79.0,0.21643835616438356
Georgia,GEO,2017,78.0330673510031,13718.9378669764,21.0,92.0,113.0,0.3095890410958904
Germany,DEU,2017,83.0454100459372,54110.2536648812,53.0,15.0,68.0,0.1863013698630137
Ghana,GHA,2017,88.9289043301415,5170.96094857439,21.0,13.0,34.0,0.09315068493150686
Greece,GRC,2017,74.4374055265884,28681.6815585005,12.0,83.0,95.0,0.2602739726027397
Guatemala,GTM,2017,45.9834651757569,9560.17783462724,15.0,8.0,23.0,0.06301369863013699
Guinea,GIN,2017,69.2187451635868,2687.09504827171,12.0,59.0,71.0,0.19452054794520549
Guinea-Bissau,GNB,2017,80.1986264284289,2081.81287227685,9.0,50.0,59.0,0.16164383561643836
Guyana,GUY,2017,63.3684547544896,12243.2225968541,17.0,15.0,32.0,0.08767123287671233
Haiti,HTI,2017,88.6722045093862,3339.38884653446,20.0,66.0,86.0,0.2356164383561644
Honduras,HND,2017,55.1613564307499,5620.65455247733,20.0,64.0,84.0,0.23013698630136986
"Hong Kong SAR, China",HKG,2017,80.7641146911026,59260.9131761938,29.0,78.0,107.0,0.29315068493150687
Hungary,HUN,2017,78.0418468874658,29728.0121568801,15.0,8.0,23.0,0.06301369863013699
Iceland,ISL,2017,89.5335356076864,55638.4920591794,24.0,76.0,100.0,0.273972602739726
India,IND,2017,34.3669183821248,6144.71714444938,65.0,34.0,99.0,0.27123287671232876
Indonesia,IDN,2017,63.711072133842,10687.6409218443,20.0,33.0,53.0,0.14520547945205478
"Iran, Islamic Rep.",IRN,2017,24.700458206449,15719.416701551,27.0,88.0,115.0,0.3150684931506849
Iraq,IRQ,2017,15.4380516508663,10191.6616988639,20.0,73.0,93.0,0.2547945205479452
Ireland,IRL,2017,81.1636735289823,80450.3529336506,13.0,85.0,98.0,0.2684931506849315
Israel,ISR,2017,84.9966160961029,39470.8681262164,50.0,64.0,114.0,0.31232876712328766
Italy,ITA,2017,68.6901174797711,42142.3435406885,19.0,93.0,112.0,0.30684931506849317
Jamaica,JAM,2017,80.3080549236714,10466.4876782146,17.0,57.0,74.0,0.20273972602739726
Japan,JPN,2017,72.4491389468603,41444.2157443912,27.0,43.0,70.0,0.1917808219178082
Jordan,JOR,2017,26.9574671794622,9265.51536720733,20.0,81.0,101.0,0.27671232876712326
Kazakhstan,KAZ,2017,85.3433791872309,23973.0602295651,21.0,8.0,29.0,0.07945205479452055
Kenya,KEN,2017,90.3702436713857,4177.24993580267,15.0,22.0,37.0,0.10136986301369863
"Korea, Rep.",KOR,2017,72.8924598269468,43155.9100867658,26.0,39.0,65.0,0.1780821917808219
Kuwait,KWT,2017,56.9815805109923,46565.5499504554,14.0,52.0,66.0,0.18082191780821918
Kyrgyz Republic,KGZ,2017,58.9878660680779,4953.71755085199,19.0,99.0,118.0,0.3232876712328767
Lao PDR,LAO,2017,88.1621604607976,7141.90652701767,14.0,66.0,80.0,0.2191780821917808
Latvia,LVA,2017,81.2129435709861,25763.9907709703,21.0,92.0,113.0,0.3095890410958904
Lebanon,LBN,2017,39.807794674071,20963.8249472533,28.0,83.0,111.0,0.3041095890410959
Lesotho,LSO,2017,74.4090752242926,2618.81820770145,11.0,61.0,72.0,0.19726027397260273
Liberia,LBR,2017,87.7991364379284,1664.94481323565,15.0,43.0,58.0,0.1589041095890411
Libya,LBY,2017,53.1934819254542,18026.0187834008,14.0,-174.0,-160.0,-0.4383561643835616
Lithuania,LTU,2017,84.0475186701999,31305.0436934372,21.0,92.0,113.0,0.3095890410958904
Luxembourg,LUX,2017,85.1076234597082,114985.842235989,13.0,8.0,21.0,0.057534246575342465
"Macao SAR, China",MAC,2017,85.8272401528474,120774.963080752,21.0,64.0,85.0,0.2328767123287671
Madagascar,MDG,2017,94.0859240460437,1546.88001890817,13.0,89.0,102.0,0.27945205479452057
Malawi,MWI,2017,85.693873385239,1380.23263621737,17.0,50.0,67.0,0.18356164383561643
Malaysia,MYS,2017,65.9919705587153,26415.5960203287,53.0,38.0,91.0,0.2493150684931507
Maldives,MDV,2017,55.9996058447591,19767.8893613468,16.0,46.0,62.0,0.16986301369863013
Mali,MLI,2017,72.1127848590189,2606.69607954141,12.0,62.0,74.0,0.20273972602739726
Malta,MLT,2017,66.8651224776556,45763.7330585065,19.0,88.0,107.0,0.29315068493150687
Mauritania,MRT,2017,45.5849620922306,5353.06608810407,8.0,57.0,65.0,0.1780821917808219
Mauritius,MUS,2017,61.8176409341068,22897.9700922102,16.0,29.0,45.0,0.1232876712328767
Mexico,MEX,2017,55.7626187098176,20488.7150800441,36.0,50.0,86.0,0.2356164383561644
Moldova,MDA,2017,97.1375887750839,11252.1135465283,38.0,8.0,46.0,0.12602739726027398
Mongolia,MNG,2017,80.0361542785095,11096.0375604239,27.0,85.0,112.0,0.30684931506849317
Montenegro,MNE,2017,74.5232885276649,19356.6825946889,11.0,81.0,92.0,0.25205479452054796
Morocco,MAR,2017,32.8249967101896,8115.12060546875,15.0,22.0,37.0,0.10136986301369863
Mozambique,MOZ,2017,97.2233310048897,1282.74965991801,12.0,75.0,87.0,0.23835616438356164
Myanmar,MMR,2017,62.1077460383653,4706.43248949598,22.0,20.0,42.0,0.11506849315068493
Namibia,NAM,2017,86.2548622996733,9887.9393548255,15.0,22.0,37.0,0.10136986301369863
Nepal,NPL,2017,50.7933579335793,3604.70825949747,37.0,23.0,60.0,0.1643835616438356
Netherlands,NLD,2017,85.1209282818398,56037.567993606,17.0,43.0,60.0,0.1643835616438356
New Zealand,NZL,2017,85.1537089497429,42243.5084459397,35.0,15.0,50.0,0.136986301369863
Nicaragua,NIC,2017,59.4660693746595,6225.34702574846,16.0,15.0,31.0,0.08493150684931507
Niger,NER,2017,72.1469401280519,1208.14609955266,14.0,62.0,76.0,0.20821917808219179
Nigeria,NGA,2017,88.9995208545151,7036.67414372387,21.0,46.0,67.0,0.18356164383561643
North Macedonia,MKD,2017,62.6372624960131,17161.049071447,23.0,85.0,108.0,0.2958904109589041
Norway,NOR,2017,91.233231862738,64589.5559196863,29.0,13.0,42.0,0.11506849315068493
Oman,OMN,2017,34.4712946524487,33619.4988982607,12.0,85.0,97.0,0.26575342465753427
Pakistan,PAK,2017,28.2347889778496,4789.53646557553,25.0,85.0,110.0,0.3013698630136986
Panama,PAN,2017,65.5656648051704,33533.32602165,20.0,78.0,98.0,0.2684931506849315
Papua New Guinea,PNG,2017,95.7725409437958,3923.17197680467,11.0,46.0,57.0,0.15616438356164383
Paraguay,PRY,2017,68.6425291039197,13977.3427788671,13.0,11.0,24.0,0.06575342465753424
Peru,PER,2017,81.8747123859869,12591.8562879234,21.0,31.0,52.0,0.14246575342465753
Philippines,PHL,2017,61.2648758925535,7773.79853599024,26.0,19.0,45.0,0.1232876712328767
Poland,POL,2017,75.3711221522055,30170.2818974087,20.0,76.0,96.0,0.26301369863013696
Portugal,PRT,2017,83.9074390433297,32970.8395386562,18.0,97.0,115.0,0.3150684931506849
Qatar,QAT,2017,60.2566383722512,99358.3733880435,10.0,63.0,73.0,0.2
Romania,ROU,2017,70.4725373377948,26943.3085419885,28.0,85.0,113.0,0.3095890410958904
Russian Federation,RUS,2017,77.8094943472636,25777.904296875,20.0,94.0,114.0,0.31232876712328766
Rwanda,RWA,2017,81.9206586826347,1967.94286602499,14.0,22.0,36.0,0.09863013698630137
Samoa,WSM,2017,61.4525471557998,6280.21500477143,11.0,43.0,54.0,0.14794520547945206
Sao Tome and Principe,STP,2017,92.4970786154652,3436.31010124694,7.0,78.0,85.0,0.2328767123287671
Saudi Arabia,SAU,2017,25.0678550237966,53120.4572456269,13.0,73.0,86.0,0.2356164383561644
Senegal,SEN,2017,62.3738841054355,3234.36158194088,16.0,88.0,104.0,0.28493150684931506
Serbia,SRB,2017,74.3687847087692,17285.4272257972,19.0,78.0,97.0,0.26575342465753427
Sierra Leone,SLE,2017,92.7582196849561,2501.4531554482,10.0,75.0,85.0,0.2328767123287671
Singapore,SGP,2017,79.4623838584478,95744.1821600957,28.0,29.0,57.0,0.15616438356164383
Slovak Republic,SVK,2017,77.7823760678708,30245.7825869756,30.0,64.0,94.0,0.25753424657534246
Slovenia,SVN,2017,84.0579027522648,36180.0384547624,18.0,68.0,86.0,0.2356164383561644
Solomon Islands,SLB,2017,95.6216492213428,2454.04671914243,19.0,29.0,48.0,0.13150684931506848
"Somalia, Fed. Rep.",SOM,2017,44.2681333501918,1596.81409178022,11.0,91.0,102.0,0.27945205479452057
South Africa,ZAF,2017,77.4468898302386,13738.4385854596,23.0,6.0,29.0,0.07945205479452055
Spain,ESP,2017,81.5501723626948,39825.2498116292,58.0,80.0,138.0,0.3780821917808219
Sri Lanka,LKA,2017,49.0514242226571,13610.4723136618,31.0,18.0,49.0,0.13424657534246576
St. Lucia,LCA,2017,84.7255846125196,16130.9721097011,12.0,74.0,86.0,0.2356164383561644
Sudan,SDN,2017,32.2187793861475,4252.42138671875,14.0,45.0,59.0,0.16164383561643836
Suriname,SUR,2017,67.7375011206407,17567.6802396432,15.0,71.0,86.0,0.2356164383561644
Sweden,SWE,2017,90.0807296663075,51474.1199115161,15.0,71.0,86.0,0.2356164383561644
Switzerland,CHE,2017,84.11584793282,68193.5055940262,31.0,22.0,53.0,0.14520547945205478
Syrian Arab Republic,SYR,2017,20.4650059311981,3265.07029374996,14.0,52.0,66.0,0.18082191780821918
Tajikistan,TJK,2017,39.1918551398577,3017.00314887354,12.0,78.0,90.0,0.2465753424657534
Tanzania,TZA,2017,91.4618709302193,2472.4931640625,18.0,61.0,79.0,0.21643835616438356
Thailand,THA,2017,77.909922682104,17573.339815536,32.0,30.0,62.0,0.16986301369863013
Timor-Leste,TLS,2017,84.7249975883026,3463.11739023437,14.0,21.0,35.0,0.0958904109589041
Togo,TGO,2017,92.2768736652153,1985.52622129406,14.0,71.0,85.0,0.2328767123287671
Tonga,TON,2017,63.9104709538609,6229.07024223894,12.0,43.0,55.0,0.1506849315068493
Trinidad and Tobago,TTO,2017,71.7636100761831,28484.2557157494,21.0,57.0,78.0,0.2136986301369863
Tunisia,TUN,2017,38.1815559881751,11288.7800135085,11.0,80.0,91.0,0.2493150684931507
Turkiye,TUR,2017,46.3508694330025,28353.5406410966,18.0,92.0,110.0,0.3013698630136986
Turkmenistan,TKM,2017,82.3272957034541,13278.4030353381,24.0,78.0,102.0,0.27945205479452057
Uganda,UGA,2017,93.008599838753,2157.95747503369,16.0,22.0,38.0,0.10410958904109589
Ukraine,UKR,2017,77.7283372365339,11536.0810546875,33.0,8.0,41.0,0.11232876712328767
United Arab Emirates,ARE,2017,55.2732403538286,70281.8889504211,15.0,28.0,43.0,0.1178082191780822
United Kingdom,GBR,2017,84.4298665880445,46113.0211677324,29.0,50.0,79.0,0.21643835616438356
United States,USA,2017,82.0708724441534,60047.7190728307,114.0,70.0,184.0,0.5041095890410959
Uruguay,URY,2017,76.8795084889876,23606.6278007958,5.0,74.0,79.0,0.21643835616438356
Uzbekistan,UZB,2017,54.0483070715882,7818.01112977426,10.0,8.0,18.0,0.049315068493150684
Vanuatu,VUT,2017,84.4688159455338,3145.92734989467,16.0,11.0,27.0,0.07397260273972603
Viet Nam,VNM,2017,88.2939766658151,9169.73192052855,21.0,66.0,87.0,0.23835616438356164
Virgin Islands (U.S.),VIR,2017,91.1565503450945,33893.5501815475,24.0,69.0,93.0,0.2547945205479452
West Bank and Gaza,PSE,2017,24.7766385682427,6106.64574037122,16.0,82.0,98.0,0.2684931506849315
Zambia,ZMB,2017,79.5436471523827,3391.62768492775,14.0,25.0,39.0,0.10684931506849316
Zimbabwe,ZWE,2017,83.3360872438863,10756.4454416985,15.0,36.0,51.0,0.13972602739726028
Afghanistan,AFG,2018,27.7497547989351,2432.27670083336,15.0,16.0,31.0,0.08493150684931507
Albania,ALB,2018,76.117568668098,15055.2807998752,27.0,99.0,126.0,0.3452054794520548
Algeria,DZA,2018,21.5918540022466,13727.1266357859,12.0,62.0,74.0,0.20273972602739726
Angola,AGO,2018,94.4691721175059,8278.36886170469,13.0,45.0,58.0,0.1589041095890411
Argentina,ARG,2018,69.7442738341895,24410.3919063335,28.0,15.0,43.0,0.1178082191780822
Armenia,ARM,2018,75.5845254034247,12877.4937543553,31.0,99.0,130.0,0.3561643835616438
Australia,AUS,2018,85.2187113460025,50371.233830782,27.0,15.0,42.0,0.11506849315068493
Austria,AUT,2018,83.1198824270418,56636.4953030542,23.0,63.0,86.0,0.2356164383561644
Azerbaijan,AZE,2018,91.4974433893353,15282.9995232298,28.0,5.0,33.0,0.09041095890410959
"Bahamas, The",BHS,2018,91.1439351162671,35227.7619063243,18.0,10.0,28.0,0.07671232876712329
Bahrain,BHR,2018,49.6227390180879,51993.1307818652,16.0,67.0,83.0,0.2273972602739726
Bangladesh,BGD,2018,46.9010734400611,5490.15881865179,31.0,15.0,46.0,0.12602739726027398
Barbados,BRB,2018,87.6924609386117,19777.0593234662,21.0,66.0,87.0,0.23835616438356164
Belarus,BLR,2018,80.712896053363,20025.9815543598,22.0,10.0,32.0,0.08767123287671233
Belgium,BEL,2018,82.9503512322895,52466.7330784599,20.0,62.0,82.0,0.22465753424657534
Belize,BLZ,2018,67.3048454313616,9497.23480443418,16.0,64.0,80.0,0.2191780821917808
Benin,BEN,2018,97.4615465933717,2965.30628143664,15.0,81.0,96.0,0.26301369863013696
Bhutan,BTN,2018,79.0958084697519,11969.5615003305,23.0,30.0,53.0,0.14520547945205478
Bolivia,BOL,2018,79.448013799655,10758.4075594003,19.0,15.0,34.0,0.09315068493150686
Bosnia and Herzegovina,BIH,2018,62.605405229078,14858.5590469909,17.0,84.0,101.0,0.27671232876712326
Botswana,BWA,2018,83.7068601928475,15785.819633781,19.0,15.0,34.0,0.09315068493150686
Brazil,BRA,2018,72.8903193066332,15463.7426393743,18.0,38.0,56.0,0.15342465753424658
Brunei Darussalam,BRN,2018,77.9778711446752,65148.8264035521,20.0,8.0,28.0,0.07671232876712329
Bulgaria,BGR,2018,79.3695627612699,23997.6876896184,21.0,66.0,87.0,0.23835616438356164
Burkina Faso,BFA,2018,87.3923125908659,2073.3235382155,14.0,59.0,73.0,0.2
Burundi,BDI,2018,102.652637443339,823.013102241659,13.0,57.0,70.0,0.1917808219178082
Cabo Verde,CPV,2018,77.9516449688963,7916.42115326174,11.0,80.0,91.0,0.2493150684931507
Cambodia,KHM,2018,87.891161130936,5616.98087023303,34.0,59.0,93.0,0.2547945205479452
Cameroon,CMR,2018,81.3593673418023,4010.76360069526,15.0,59.0,74.0,0.20273972602739726
Canada,CAN,2018,86.7878598069641,49982.5999118346,61.0,68.0,129.0,0.35342465753424657
Central African Republic,CAF,2018,79.2441155059452,905.817788941094,14.0,8.0,22.0,0.06027397260273973
Chad,TCD,2018,67.7246386930112,2227.81335372611,13.0,57.0,70.0,0.1917808219178082
Chile,CHL,2018,70.6043993049475,25305.0903462611,17.0,11.0,28.0,0.07671232876712329
China,CHN,2018,83.3310781554449,16298.2050619109,51.0,29.0,80.0,0.2191780821917808
Colombia,COL,2018,68.4819097351734,15239.4049488277,32.0,15.0,47.0,0.12876712328767123
Comoros,COM,2018,68.0059499214941,3276.00936695332,13.0,60.0,73.0,0.2
"Congo, Dem. Rep.",COD,2018,90.2895454210565,1048.86502855672,17.0,61.0,78.0,0.2136986301369863
"Congo, Rep.",COG,2018,95.1789114964418,5593.19370578686,12.0,66.0,78.0,0.2136986301369863
Costa Rica,CRI,2018,63.7941658472632,21498.0350746836,19.0,11.0,30.0,0.0821917808219178
Cote d'Ivoire,CIV,2018,77.3052442606898,4945.62520575915,14.0,39.0,53.0,0.14520547945205478
Croatia,HRV,2018,78.3444146621645,29789.1305400916,14.0,8.0,22.0,0.06027397260273973
Cyprus,CYP,2018,83.8918903708706,40262.30859375,19.0,36.0,55.0,0.1506849315068493
Czechia,CZE,2018,76.6803320543308,41638.1831076596,19.0,64.0,83.0,0.2273972602739726
Denmark,DNK,2018,87.006852002777,57233.6231685618,19.0,8.0,27.0,0.07397260273972603
Djibouti,DJI,2018,39.5830185828675,5083.11077030183,12.0,69.0,81.0,0.2219178082191781
Dominican Republic,DOM,2018,64.7944128751272,17994.8382742736,16.0,57.0,73.0,0.2
Ecuador,ECU,2018,68.9100820885139,12186.8846084388,15.0,57.0,72.0,0.19726027397260273
"Egypt, Arab Rep.",EGY,2018,27.0661551802696,12329.2446781436,26.0,87.0,113.0,0.3095890410958904
El Salvador,SLV,2018,60.008013890744,9203.76216310773,22.0,66.0,88.0,0.2410958904109589
Equatorial Guinea,GNQ,2018,79.8894520020154,18413.1294204577,12.0,78.0,90.0,0.2465753424657534
Estonia,EST,2018,81.0175101128681,37120.9879761677,12.0,82.0,94.0,0.25753424657534246
Eswatini,SWZ,2018,86.8273521926751,8535.25593160454,13.0,22.0,35.0,0.0958904109589041
Ethiopia,ETH,2018,77.7377311780981,2095.3175782979,13.0,77.0,90.0,0.2465753424657534
Fiji,FJI,2018,50.2768129945421,12984.2072700863,12.0,15.0,27.0,0.07397260273972603
Finland,FIN,2018,88.281547241598,49248.6775395866,15.0,8.0,23.0,0.06301369863013699
France,FRA,2018,84.3999667801678,46381.0590629457,19.0,57.0,76.0,0.20821917808219179
Gabon,GAB,2018,69.7007999733896,15432.0430535353,15.0,85.0,100.0,0.273972602739726
"Gambia, The",GMB,2018,88.0917261588688,2277.44236224191,16.0,66.0,82.0,0.22465753424657534
Georgia,GEO,2018,75.5035420645563,15021.9057577433,21.0,92.0,113.0,0.3095890410958904
Germany,DEU,2018,82.7453390084527,56273.0405627017,53.0,15.0,68.0,0.1863013698630137
Ghana,GHA,2018,89.0117204456663,5536.49795400218,20.0,13.0,33.0,0.09041095890410959
Greece,GRC,2018,73.6784010053153,29792.0592519585,12.0,83.0,95.0,0.2602739726027397
Guatemala,GTM,2018,46.0417166147207,9946.80252245268,16.0,8.0,24.0,0.06575342465753424
Guinea,GIN,2018,67.4863854281414,2844.46427670549,12.0,59.0,71.0,0.19452054794520549
Guinea-Bissau,GNB,2018,80.7522694080926,2057.96969129146,9.0,50.0,59.0,0.16164383561643836
Guyana,GUY,2018,64.9474703603709,12442.5087185876,15.0,15.0,30.0,0.0821917808219178
Haiti,HTI,2018,88.9644508711899,3196.97386370614,19.0,66.0,85.0,0.2328767123287671
Honduras,HND,2018,60.3001627388343,5633.3832384519,20.0,64.0,84.0,0.23013698630136986
"Hong Kong SAR, China",HKG,2018,80.5505694023482,60900.2752924537,27.0,78.0,105.0,0.2876712328767123
Hungary,HUN,2018,78.2264798311801,32258.2577892511,26.0,8.0,34.0,0.09315068493150686
Iceland,ISL,2018,89.294088301322,57197.7676247175,24.0,76.0,100.0,0.273972602739726
India,IND,2018,34.515550705433,6714.96639877754,63.0,34.0,97.0,0.26575342465753427
Indonesia,IDN,2018,64.5961751224909,11372.0971987612,28.0,33.0,61.0,0.16712328767123288
"Iran, Islamic Rep.",IRN,2018,24.5571054308575,15324.0674634637,26.0,88.0,114.0,0.31232876712328766
Iraq,IRQ,2018,15.9137990962808,12034.4011214944,21.0,73.0,94.0,0.25753424657534246
Ireland,IRL,2018,81.7372392754448,86299.3420216976,13.0,85.0,98.0,0.2684931506849315
Israel,ISR,2018,86.69458808781,40189.9909957069,49.0,64.0,113.0,0.3095890410958904
Italy,ITA,2018,69.0246462184305,43386.7005868803,19.0,93.0,112.0,0.30684931506849317
Jamaica,JAM,2018,79.9914944988613,10752.7406650924,16.0,57.0,73.0,0.2
Japan,JPN,2018,73.6705869112599,42141.9352987758,30.0,43.0,73.0,0.2
Jordan,JOR,2018,23.8280360454146,9042.39781871198,20.0,81.0,101.0,0.27671232876712326
Kazakhstan,KAZ,2018,85.1087855670374,25096.1285862615,29.0,8.0,37.0,0.10136986301369863
Kenya,KEN,2018,88.3563574851988,4411.56104120886,15.0,22.0,37.0,0.10136986301369863
"Korea, Rep.",KOR,2018,73.5554664934563,45511.0803506331,31.0,39.0,70.0,0.1917808219178082
Kuwait,KWT,2018,56.7730861654651,51370.7320595252,16.0,52.0,68.0,0.1863013698630137
Kyrgyz Republic,KGZ,2018,59.7824167764543,4777.94175395575,16.0,99.0,115.0,0.3150684931506849
Lao PDR,LAO,2018,87.9142210103064,7486.86452700433,17.0,66.0,83.0,0.2273972602739726
Latvia,LVA,2018,81.4567015591831,29817.8047263182,26.0,92.0,118.0,0.3232876712328767
Lebanon,LBN,2018,40.695846079076,21985.4884702241,29.0,83.0,112.0,0.30684931506849317
Lesotho,LSO,2018,73.6478778483049,2632.28775223004,11.0,61.0,72.0,0.19726027397260273
Liberia,LBR,2018,87.9800644972149,1799.72751397748,14.0,43.0,57.0,0.15616438356164383
Libya,LBY,2018,53.1734749668047,18879.3151301984,14.0,-174.0,-160.0,-0.4383561643835616
Lithuania,LTU,2018,83.5450525724257,36491.9385223689,21.0,92.0,113.0,0.3095890410958904
Luxembourg,LUX,2018,85.9293409229901,116638.414163882,13.0,8.0,21.0,0.057534246575342465
"Macao SAR, China",MAC,2018,85.4578923147722,129457.998600118,21.0,64.0,85.0,0.2328767123287671
Madagascar,MDG,2018,94.2477423751917,1546.59563549795,13.0,89.0,102.0,0.27945205479452057
Malawi,MWI,2018,86.2867189216907,1363.79445595088,14.0,50.0,64.0,0.17534246575342466
Malaysia,MYS,2018,66.1282471691346,27793.5674222948,64.0,38.0,102.0,0.27945205479452057
Maldives,MDV,2018,54.6093823954995,21899.4292993843,17.0,46.0,63.0,0.1726027397260274
Mali,MLI,2018,68.8860815932229,2684.41122026575,13.0,62.0,75.0,0.2054794520547945
Malta,MLT,2018,68.8771428571429,48178.2920560941,19.0,88.0,107.0,0.29315068493150687
Mauritania,MRT,2018,45.6823445417661,5429.23223059784,8.0,57.0,65.0,0.1780821917808219
Mauritius,MUS,2018,62.6239323281426,23415.5237589118,17.0,29.0,46.0,0.12602739726027398
Mexico,MEX,2018,56.4626111430947,20921.4775277572,38.0,50.0,88.0,0.2410958904109589
Moldova,MDA,2018,97.9313497095338,11868.1955463223,33.0,8.0,41.0,0.11232876712328767
Mongolia,MNG,2018,75.9974137044276,12317.4824277695,27.0,85.0,112.0,0.30684931506849317
Montenegro,MNE,2018,72.8413236894323,21083.5882908272,9.0,81.0,90.0,0.2465753424657534
Morocco,MAR,2018,32.1020101663586,7801.0986328125,15.0,22.0,37.0,0.10136986301369863
Mozambique,MOZ,2018,97.04767604229,1325.58695568953,10.0,75.0,85.0,0.2328767123287671
Myanmar,MMR,2018,63.2110558665779,5581.2769545815,22.0,20.0,42.0,0.11506849315068493
Namibia,NAM,2018,88.3902781545729,9853.73533646074,14.0,22.0,36.0,0.09863013698630137
Nepal,NPL,2018,51.3245402192086,3956.12461094443,36.0,23.0,59.0,0.16164383561643836
Netherlands,NLD,2018,85.1707901482224,58819.2609142584,17.0,43.0,60.0,0.1643835616438356
New Zealand,NZL,2018,85.8464737936663,42527.2784103301,34.0,15.0,49.0,0.13424657534246576
Nicaragua,NIC,2018,59.2188522801658,5935.16693631386,16.0,15.0,31.0,0.08493150684931507
Niger,NER,2018,71.7811107951853,1275.99643935327,14.0,62.0,76.0,0.20821917808219179
Nigeria,NGA,2018,89.3072271541692,7158.17107571781,24.0,46.0,70.0,0.1917808219178082
North Macedonia,MKD,2018,63.4220917904829,18460.4624451227,23.0,85.0,108.0,0.2958904109589041
Norway,NOR,2018,90.5417323290008,70253.8463693386,29.0,13.0,42.0,0.11506849315068493
Oman,OMN,2018,34.2590921396986,37780.3308327271,15.0,85.0,100.0,0.273972602739726
Pakistan,PAK,2018,27.2058823529412,4979.3734961655,25.0,85.0,110.0,0.3013698630136986
Panama,PAN,2018,67.4308691617693,32463.5403500842,21.0,78.0,99.0,0.27123287671232876
Papua New Guinea,PNG,2018,95.7931858475295,3909.91572975538,12.0,46.0,58.0,0.1589041095890411
Paraguay,PRY,2018,70.4257740268361,14139.0931267568,13.0,11.0,24.0,0.06575342465753424
Peru,PER,2018,82.5133190790639,13078.2323503405,21.0,31.0,52.0,0.14246575342465753
Philippines,PHL,2018,62.6256791142287,8357.74357934219,28.0,19.0,47.0,0.12876712328767123
Poland,POL,2018,75.7164335505035,32345.1066076225,21.0,76.0,97.0,0.26575342465753427
Portugal,PRT,2018,84.6463009985513,34896.7993382974,17.0,97.0,114.0,0.31232876712328766
Qatar,QAT,2018,61.0126793983296,110032.839882747,10.0,63.0,73.0,0.2
Romania,ROU,2018,69.7877044117169,29382.7567479407,28.0,85.0,113.0,0.3095890410958904
Russian Federation,RUS,2018,78.1585850892781,28628.5625,26.0,94.0,120.0,0.3287671232876712
Rwanda,RWA,2018,80.5401466367246,2125.49522712839,13.0,22.0,35.0,0.0958904109589041
Samoa,WSM,2018,60.4156767775853,6318.26977293454,10.0,43.0,53.0,0.14520547945205478
Sao Tome and Principe,STP,2018,94.2338298306468,3941.03280858409,7.0,78.0,85.0,0.2328767123287671
Saudi Arabia,SAU,2018,27.4370772673556,59377.8025368768,10.0,73.0,83.0,0.2273972602739726
Senegal,SEN,2018,60.0558382343223,3380.21596529445,15.0,88.0,103.0,0.2821917808219178
Serbia,SRB,2018,74.258678109389,18469.022619005,19.0,78.0,97.0,0.26575342465753427
Sierra Leone,SLE,2018,91.0564066235721,2640.47566787646,9.0,75.0,84.0,0.23013698630136986
Singapore,SGP,2018,80.332735236688,103963.36329269,25.0,29.0,54.0,0.14794520547945206
Slovak Republic,SVK,2018,77.1426461901949,31509.8187291635,30.0,64.0,94.0,0.25753424657534246
Slovenia,SVN,2018,83.5820198845514,38620.2045436305,18.0,68.0,86.0,0.2356164383561644
Solomon Islands,SLB,2018,95.5674684675276,2493.97675737551,22.0,29.0,51.0,0.13972602739726028
"Somalia, Fed. Rep.",SOM,2018,44.4951608131524,1551.52773977473,11.0,91.0,102.0,0.27945205479452057
South Africa,ZAF,2018,77.6685663059486,13347.3634826038,22.0,6.0,28.0,0.07671232876712329
Spain,ESP,2018,81.4371163477087,41015.1565755187,56.0,80.0,136.0,0.3726027397260274
Sri Lanka,LKA,2018,45.906481404443,14178.0225361887,33.0,18.0,51.0,0.13972602739726028
St. Lucia,LCA,2018,84.0232016730458,17433.3010328737,12.0,74.0,86.0,0.2356164383561644
Sudan,SDN,2018,30.8096444319355,4199.25048828125,14.0,45.0,59.0,0.16164383561643836
Suriname,SUR,2018,68.7014095900055,17855.4787141437,15.0,71.0,86.0,0.2356164383561644
Sweden,SWE,2018,90.4298662572702,53122.438677218,15.0,71.0,86.0,0.2356164383561644
Switzerland,CHE,2018,84.7928189807151,70688.8187491194,31.0,22.0,53.0,0.14520547945205478
Syrian Arab Republic,SYR,2018,20.8031797811525,3455.89227013449,14.0,52.0,66.0,0.18082191780821918
Tajikistan,TJK,2018,38.4601579325197,3069.10385079592,12.0,78.0,90.0,0.2465753424657534
Tanzania,TZA,2018,91.5934153747802,2727.88012695313,18.0,61.0,79.0,0.21643835616438356
Thailand,THA,2018,77.8405007383015,18876.2208766741,33.0,30.0,63.0,0.1726027397260274
Timor-Leste,TLS,2018,84.7394694500598,3561.2877375981,14.0,21.0,35.0,0.0958904109589041
Togo,TGO,2018,92.600152676823,2067.0664295966,14.0,71.0,85.0,0.2328767123287671
Tonga,TON,2018,64.009494907004,6392.60067749647,11.0,43.0,54.0,0.14794520547945206
Trinidad and Tobago,TTO,2018,72.0179560917444,28673.2413951653,19.0,57.0,76.0,0.20821917808219179
Tunisia,TUN,2018,38.7153784162083,11841.4061980603,11.0,80.0,91.0,0.2493150684931507
Turkiye,TUR,2018,47.0337639419299,28640.3401839802,18.0,92.0,110.0,0.3013698630136986
Turkmenistan,TKM,2018,82.3647633755738,14368.4621432532,18.0,78.0,96.0,0.26301369863013696
Uganda,UGA,2018,91.8545948439342,2312.05752813495,16.0,22.0,38.0,0.10410958904109589
Ukraine,UKR,2018,76.8578615570945,12554.8486328125,41.0,8.0,49.0,0.13424657534246576
United Arab Emirates,ARE,2018,55.4454589659085,77446.2269929923,17.0,28.0,45.0,0.1232876712328767
United Kingdom,GBR,2018,84.6080305927342,47212.2045190522,28.0,50.0,78.0,0.2136986301369863
United States,USA,2018,82.1814742050498,62875.6661382728,111.0,70.0,181.0,0.4958904109589041
Uruguay,URY,2018,77.5878086997518,24386.4948473952,5.0,74.0,79.0,0.21643835616438356
Uzbekistan,UZB,2018,54.1019985841093,8128.75520303523,9.0,8.0,17.0,0.04657534246575343
Vanuatu,VUT,2018,84.8887293610912,3232.94825800672,13.0,11.0,24.0,0.06575342465753424
Viet Nam,VNM,2018,88.4586447917678,10009.9714756006,19.0,66.0,85.0,0.2328767123287671
Virgin Islands (U.S.),VIR,2018,92.1328945306378,36746.4868901838,24.0,69.0,93.0,0.2547945205479452
West Bank and Gaza,PSE,2018,25.1648930865991,6215.81647317396,16.0,82.0,98.0,0.2684931506849315
Zambia,ZMB,2018,80.1592792460372,3442.27307196302,15.0,25.0,40.0,0.1095890410958904
Zimbabwe,ZWE,2018,83.8676204048314,3992.890718675,15.0,36.0,51.0,0.13972602739726028
Afghanistan,AFG,2019,26.3713140979448,2583.48533239877,19.0,16.0,35.0,0.0958904109589041
Albania,ALB,2019,77.8339827953827,16442.1259393239,27.0,99.0,126.0,0.3452054794520548
Algeria,DZA,2019,21.4125233426704,13892.5333446205,12.0,62.0,74.0,0.20273972602739726
Angola,AGO,2019,94.5940691585878,8572.87895610671,12.0,45.0,57.0,0.15616438356164383
Argentina,ARG,2019,70.4413857229399,23516.8261980886,28.0,15.0,43.0,0.1178082191780822
Armenia,ARM,2019,74.0046326646563,14975.7539538157,32.0,99.0,131.0,0.3589041095890411
Australia,AUS,2019,85.5878723284905,52885.8313816377,28.0,15.0,43.0,0.1178082191780822
Austria,AUT,2019,83.4245010819909,60354.9279422121,23.0,63.0,86.0,0.2356164383561644
Azerbaijan,AZE,2019,91.451126277864,16675.3179361558,29.0,5.0,34.0,0.09315068493150686
"Bahamas, The",BHS,2019,91.4706788538564,36116.0002025353,18.0,10.0,28.0,0.07671232876712329
Bahrain,BHR,2019,49.0284488623915,56599.5214364411,17.0,67.0,84.0,0.23013698630136986
Bangladesh,BGD,2019,48.5855466337245,6047.12401504125,31.0,15.0,46.0,0.12602739726027398
Barbados,BRB,2019,89.7208787366704,19971.1185698717,21.0,66.0,87.0,0.23835616438356164
Belarus,BLR,2019,81.6559010214519,22301.5932411839,28.0,10.0,38.0,0.10410958904109589
Belgium,BEL,2019,83.3452162694371,56712.469571978,20.0,62.0,82.0,0.22465753424657534
Belize,BLZ,2019,69.3796706968832,10499.962073199,17.0,64.0,81.0,0.2219178082191781
Benin,BEN,2019,97.9532934447402,3148.97969597838,15.0,81.0,96.0,0.26301369863013696
Bhutan,BTN,2019,85.1523109981321,12909.1009840399,22.0,30.0,52.0,0.14246575342465753
Bolivia,BOL,2019,80.736885725429,11005.3541169156,19.0,15.0,34.0,0.09315068493150686
Bosnia and Herzegovina,BIH,2019,62.8458172966216,16428.8136580107,17.0,84.0,101.0,0.27671232876712326
Botswana,BWA,2019,84.1229583037435,15960.0156143903,17.0,15.0,32.0,0.08767123287671233
Brazil,BRA,2019,73.823030820775,16069.838015161,18.0,38.0,56.0,0.15342465753424658
Brunei Darussalam,BRN,2019,75.1580096921712,69353.6799514849,19.0,8.0,27.0,0.07397260273972603
Bulgaria,BGR,2019,79.4027263415018,26765.7192049867,20.0,66.0,86.0,0.2356164383561644
Burkina Faso,BFA,2019,87.3275249147416,2232.16282016585,14.0,59.0,73.0,0.2
Burundi,BDI,2019,102.972515371787,868.423731660834,13.0,57.0,70.0,0.1917808219178082
Cabo Verde,CPV,2019,78.388591689475,8645.75646859343,11.0,80.0,91.0,0.2493150684931507
Cambodia,KHM,2019,87.8174319119201,6153.99439528427,31.0,59.0,90.0,0.2465753424657534
Cameroon,CMR,2019,80.0253265795788,4241.11174920592,14.0,59.0,73.0,0.2
Canada,CAN,2019,86.913275441285,50498.9731057448,55.0,68.0,123.0,0.336986301369863
Central African Republic,CAF,2019,79.2701119452766,984.843183678857,14.0,8.0,22.0,0.06027397260273973
Chad,TCD,2019,67.859390075087,2351.65339767739,15.0,57.0,72.0,0.19726027397260273
Chile,CHL,2019,71.4192699502177,25611.7578269458,17.0,11.0,28.0,0.07671232876712329
China,CHN,2019,83.60380754964,17600.8907568493,50.0,29.0,79.0,0.21643835616438356
Colombia,COL,2019,68.2656730418469,16181.5908990662,32.0,15.0,47.0,0.12876712328767123
Comoros,COM,2019,70.571177218077,3293.05601748495,13.0,60.0,73.0,0.2
"Congo, Dem. Rep.",COD,2019,90.2141621957167,1056.17206659241,18.0,61.0,79.0,0.21643835616438356
"Congo, Rep.",COG,2019,95.3687108383637,5719.59977338291,12.0,66.0,78.0,0.2136986301369863
Costa Rica,CRI,2019,69.158829470481,23339.6091317787,19.0,11.0,30.0,0.0821917808219178
Cote d'Ivoire,CIV,2019,77.2093790373567,5516.39055126829,14.0,39.0,53.0,0.14520547945205478
Croatia,HRV,2019,77.7876213803047,33063.9101734438,14.0,8.0,22.0,0.06027397260273973
Cyprus,CYP,2019,83.3821264551219,44393.9921875,20.0,36.0,56.0,0.15342465753424658
Czechia,CZE,2019,76.591880967723,45614.0171132532,19.0,64.0,83.0,0.2273972602739726
Denmark,DNK,2019,86.7499402342816,60594.966400191,19.0,8.0,27.0,0.07397260273972603
Djibouti,DJI,2019,40.4421553436197,5398.00036773984,12.0,69.0,81.0,0.2219178082191781
Dominican Republic,DOM,2019,67.2176238054422,19766.7628586981,16.0,57.0,73.0,0.2
Ecuador,ECU,2019,69.5962542216764,12543.0148243925,19.0,57.0,76.0,0.20821917808219179
"Egypt, Arab Rep.",EGY,2019,23.1904190916269,13363.732696323,25.0,87.0,112.0,0.30684931506849317
El Salvador,SLV,2019,60.3871459151378,9756.7521864595,22.0,66.0,88.0,0.2410958904109589
Equatorial Guinea,GNQ,2019,80.192410634628,16451.3641478324,13.0,78.0,91.0,0.2493150684931507
Estonia,EST,2019,82.0725685250125,40586.3784378888,12.0,82.0,94.0,0.25753424657534246
Eswatini,SWZ,2019,88.1556810109545,9248.32206714455,12.0,22.0,34.0,0.09315068493150686
Ethiopia,ETH,2019,76.2629306633538,2242.44488310464,13.0,77.0,90.0,0.2465753424657534
Fiji,FJI,2019,50.268133244608,12978.0990352704,10.0,15.0,25.0,0.0684931506849315
Finland,FIN,2019,88.6181320430381,52276.1115723992,15.0,8.0,23.0,0.06301369863013699
France,FRA,2019,84.8348222516468,51130.4723140578,19.0,57.0,76.0,0.20821917808219179
Gabon,GAB,2019,69.5979316516954,15949.6373739622,15.0,85.0,100.0,0.273972602739726
"Gambia, The",GMB,2019,89.0086206896552,2421.72318070615,14.0,66.0,80.0,0.2191780821917808
Georgia,GEO,2019,75.1015702207093,16770.1333771469,21.0,92.0,113.0,0.3095890410958904
Germany,DEU,2019,83.0003426749505,59270.7276496985,54.0,15.0,69.0,0.18904109589041096
Ghana,GHA,2019,89.0904506214957,6002.55044678386,21.0,13.0,34.0,0.09315068493150686
Greece,GRC,2019,73.9551642673828,31927.3792151369,12.0,83.0,95.0,0.2602739726027397
Guatemala,GTM,2019,45.2276189895789,10755.8801029589,19.0,8.0,27.0,0.07397260273972603
Guinea,GIN,2019,65.7617573390999,3105.82789015443,12.0,59.0,71.0,0.19452054794520549
Guinea-Bissau,GNB,2019,81.6435603192171,2247.31303739185,9.0,50.0,59.0,0.16164383561643836
Guyana,GUY,2019,65.1062087643882,13240.9713761155,17.0,15.0,32.0,0.08767123287671233
Haiti,HTI,2019,88.7297517938729,3236.97492504607,19.0,66.0,85.0,0.2328767123287671
Honduras,HND,2019,54.4181271540661,5784.93081057111,20.0,64.0,84.0,0.23013698630136986
"Hong Kong SAR, China",HKG,2019,81.5700475862688,61221.4195400701,27.0,78.0,105.0,0.2876712328767123
Hungary,HUN,2019,77.2921622354039,35627.2315520858,21.0,8.0,29.0,0.07945205479452055
Iceland,ISL,2019,89.6214819645813,60523.8179440825,24.0,76.0,100.0,0.273972602739726
India,IND,2019,34.6403351911556,7150.92423452926,65.0,34.0,99.0,0.27123287671232876
Indonesia,IDN,2019,65.3135593220339,11986.4701508376,24.0,33.0,57.0,0.15616438356164383
"Iran, Islamic Rep.",IRN,2019,23.8701708054692,13927.5128074328,18.0,88.0,106.0,0.29041095890410956
Iraq,IRQ,2019,16.4875368343132,12248.5917385964,21.0,73.0,94.0,0.25753424657534246
Ireland,IRL,2019,81.886655011655,92022.59879983,13.0,85.0,98.0,0.2684931506849315
Israel,ISR,2019,87.159947086904,41325.1783656756,47.0,64.0,111.0,0.3041095890410959
Italy,ITA,2019,69.5052331113226,46661.9105159611,19.0,93.0,112.0,0.30684931506849317
Jamaica,JAM,2019,80.4915452600993,10845.0113635875,16.0,57.0,73.0,0.2
Japan,JPN,2019,74.6526073727162,42678.1511448354,32.0,43.0,75.0,0.2054794520547945
Jordan,JOR,2019,21.8746503412669,9429.07279552037,21.0,81.0,102.0,0.27945205479452057
Kazakhstan,KAZ,2019,84.9070973672116,28689.2710838374,22.0,8.0,30.0,0.0821917808219178
Kenya,KEN,2019,86.1639964885329,4687.37782325306,16.0,22.0,38.0,0.10410958904109589
"Korea, Rep.",KOR,2019,74.380645429018,46511.2196957018,25.0,39.0,64.0,0.17534246575342466
Kuwait,KWT,2019,56.6148194914768,50703.0001343301,15.0,52.0,67.0,0.18356164383561643
Kyrgyz Republic,KGZ,2019,59.1196488260642,5304.22758314405,18.0,99.0,117.0,0.32054794520547947
Lao PDR,LAO,2019,87.6829084326444,7743.21906534261,19.0,66.0,85.0,0.2328767123287671
Latvia,LVA,2019,81.6791083233947,32199.0960377091,21.0,92.0,113.0,0.3095890410958904
Lebanon,LBN,2019,41.5941143887855,21710.4648750807,28.0,83.0,111.0,0.3041095890410959
Lesotho,LSO,2019,72.8856202825624,2568.34114362719,11.0,61.0,72.0,0.19726027397260273
Liberia,LBR,2019,88.2252141982864,1899.52200972855,12.0,43.0,55.0,0.1506849315068493
Libya,LBY,2019,53.1663981732017,16194.1082061146,14.0,-174.0,-160.0,-0.4383561643835616
Lithuania,LTU,2019,84.3680431673768,40563.8304884555,21.0,92.0,113.0,0.3095890410958904
Luxembourg,LUX,2019,84.3500959692898,121371.73990307,14.0,8.0,22.0,0.06027397260273973
"Macao SAR, China",MAC,2019,85.3857419942208,126029.622371097,21.0,64.0,85.0,0.2328767123287671
Madagascar,MDG,2019,94.4040259134019,1612.29772715626,14.0,89.0,103.0,0.2821917808219178
Malawi,MWI,2019,86.9481963735988,1450.01008064784,15.0,50.0,65.0,0.1780821917808219
Malaysia,MYS,2019,66.0126969557901,28933.928297233,53.0,38.0,91.0,0.2493150684931507
Maldives,MDV,2019,53.0101052138742,23077.2112236652,19.0,46.0,65.0,0.1780821917808219
Mali,MLI,2019,65.7694060833036,2819.86582297259,13.0,62.0,75.0,0.2054794520547945
Malta,MLT,2019,69.7749423563861,51392.8152819605,19.0,88.0,107.0,0.29315068493150687
Mauritania,MRT,2019,45.8310065614966,5610.13236713892,8.0,57.0,65.0,0.1780821917808219
Mauritius,MUS,2019,63.6524433719081,24374.7818286566,17.0,29.0,46.0,0.12602739726027398
Mexico,MEX,2019,58.3842576578654,20964.2774847072,37.0,50.0,87.0,0.23835616438356164
Moldova,MDA,2019,96.8728293381342,13413.2232935126,39.0,8.0,47.0,0.12876712328767123
Mongolia,MNG,2019,78.7439482130229,13604.978943194,27.0,85.0,112.0,0.30684931506849317
Montenegro,MNE,2019,74.3369005152596,23705.5248672453,10.0,81.0,91.0,0.2493150684931507
Morocco,MAR,2019,31.3742548275764,8046.22900390625,16.0,22.0,38.0,0.10410958904109589
Mozambique,MOZ,2019,96.856388148222,1388.79707034446,12.0,75.0,87.0,0.23835616438356164
Myanmar,MMR,2019,61.6602949208083,6101.37245765709,24.0,20.0,44.0,0.12054794520547946
Namibia,NAM,2019,88.0699184921039,9609.48555672874,13.0,22.0,35.0,0.0958904109589041
Nepal,NPL,2019,51.0776821486867,4260.67373190851,35.0,23.0,58.0,0.1589041095890411
Netherlands,NLD,2019,85.7476635514019,62345.2538465433,17.0,43.0,60.0,0.1643835616438356
New Zealand,NZL,2019,86.8652746375848,45278.4587226734,34.0,15.0,49.0,0.13424657534246576
Nicaragua,NIC,2019,59.0340240098079,5981.10876431466,16.0,15.0,31.0,0.08493150684931507
Niger,NER,2019,71.4129841789416,1419.16805070193,14.0,62.0,76.0,0.20821917808219179
Nigeria,NGA,2019,89.7498388892144,7551.39380367192,24.0,46.0,70.0,0.1917808219178082
North Macedonia,MKD,2019,67.0704414917758,20222.5954834227,24.0,85.0,109.0,0.29863013698630136
Norway,NOR,2019,90.5189231369489,70939.605518036,29.0,13.0,42.0,0.11506849315068493
Oman,OMN,2019,34.0364603885049,37250.6110788359,14.0,85.0,99.0,0.27123287671232876
Pakistan,PAK,2019,29.4611279425,5037.53401559745,24.0,85.0,109.0,0.29863013698630136
Panama,PAN,2019,69.6907854050711,33239.7332276186,21.0,78.0,99.0,0.27123287671232876
Papua New Guinea,PNG,2019,95.6228827345978,4059.82860207487,10.0,46.0,56.0,0.15342465753424658
Paraguay,PRY,2019,71.241428233625,14149.598522753,13.0,11.0,24.0,0.06575342465753424
Peru,PER,2019,82.5717923327203,13563.5372933551,24.0,31.0,55.0,0.1506849315068493
Philippines,PHL,2019,64.1484481547299,8924.10116402887,28.0,19.0,47.0,0.12876712328767123
Poland,POL,2019,75.1500090914601,35882.3655065553,20.0,76.0,96.0,0.26301369863013696
Portugal,PRT,2019,85.1215665453864,37865.5603564295,17.0,97.0,114.0,0.31232876712328766
Qatar,QAT,2019,61.6359615264245,107502.567853627,18.0,63.0,81.0,0.2219178082191781
Romania,ROU,2019,69.434925971423,33425.326172666,29.0,85.0,114.0,0.31232876712328766
Russian Federation,RUS,2019,78.2737882662172,30963.853515625,19.0,94.0,113.0,0.3095890410958904
Rwanda,RWA,2019,78.9581842814303,2336.03967302732,12.0,22.0,34.0,0.09315068493150686
Samoa,WSM,2019,59.5729118633827,6638.18454759102,10.0,43.0,53.0,0.14520547945205478
Sao Tome and Principe,STP,2019,96.3012053183117,4655.48496449805,7.0,78.0,85.0,0.2328767123287671
Saudi Arabia,SAU,2019,29.9364779024192,59560.2537904546,11.0,73.0,84.0,0.23013698630136986
Senegal,SEN,2019,58.0705413566603,3647.95137357242,15.0,88.0,103.0,0.2821917808219178
Serbia,SRB,2019,75.0903570912245,20587.382536041,18.0,78.0,96.0,0.26301369863013696
Sierra Leone,SLE,2019,91.9796012980992,2704.05835866756,10.0,75.0,85.0,0.2328767123287671
Singapore,SGP,2019,81.7124428348621,105335.291974111,28.0,29.0,57.0,0.15616438356164383
Slovak Republic,SVK,2019,77.363722640726,33985.6758419661,30.0,64.0,94.0,0.25753424657534246
Slovenia,SVN,2019,84.1668768920283,42373.2506369279,18.0,68.0,86.0,0.2356164383561644
Solomon Islands,SLB,2019,95.5611244532619,2512.01387973448,26.0,29.0,55.0,0.1506849315068493
"Somalia, Fed. Rep.",SOM,2019,44.6783724821553,1548.27250940098,11.0,91.0,102.0,0.27945205479452057
South Africa,ZAF,2019,77.6121549079755,13361.4851289112,23.0,6.0,29.0,0.07945205479452055
Spain,ESP,2019,81.9421481096572,44042.757577336,61.0,80.0,141.0,0.3863013698630137
Sri Lanka,LKA,2019,47.1653161576287,14112.952504221,31.0,18.0,49.0,0.13424657534246576
St. Lucia,LCA,2019,87.6101734167041,18709.9110670935,12.0,74.0,86.0,0.2356164383561644
Sudan,SDN,2019,29.1975650249032,3914.2255859375,14.0,45.0,59.0,0.16164383561643836
Suriname,SUR,2019,69.0278632196498,19771.5473885151,15.0,71.0,86.0,0.2356164383561644
Sweden,SWE,2019,90.3737876956637,57046.4463076951,15.0,71.0,86.0,0.2356164383561644
Switzerland,CHE,2019,85.5668145254276,73732.2353322093,31.0,22.0,53.0,0.14520547945205478
Syrian Arab Republic,SYR,2019,21.2610552723924,3502.17511543737,14.0,52.0,66.0,0.18082191780821918
Tajikistan,TJK,2019,37.7811067063702,3459.97365083434,12.0,78.0,90.0,0.2465753424657534
Tanzania,TZA,2019,91.708370466854,2981.87451171875,18.0,61.0,79.0,0.21643835616438356
Thailand,THA,2019,78.0287474332649,19963.3918407099,35.0,30.0,65.0,0.1780821917808219
Timor-Leste,TLS,2019,84.8637374860957,4556.61425715784,14.0,21.0,35.0,0.0958904109589041
Togo,TGO,2019,92.9613791037822,2214.69915550677,14.0,71.0,85.0,0.2328767123287671
Tonga,TON,2019,65.0017528083037,6473.32058675406,10.0,43.0,53.0,0.14520547945205478
Trinidad and Tobago,TTO,2019,72.256045760888,29315.8054064667,20.0,57.0,77.0,0.21095890410958903
Tunisia,TUN,2019,39.2535821392869,12494.7905733455,11.0,80.0,91.0,0.2493150684931507
Turkiye,TUR,2019,47.7336637246986,29016.4555653445,19.0,92.0,111.0,0.3041095890410959
Turkmenistan,TKM,2019,82.420688043178,15477.7237643978,16.0,78.0,94.0,0.25753424657534246
Uganda,UGA,2019,91.4132224243999,2441.37445233821,16.0,22.0,38.0,0.10410958904109589
Ukraine,UKR,2019,76.0014825338975,14217.486328125,30.0,8.0,38.0,0.10410958904109589
United Arab Emirates,ARE,2019,59.3225700883604,79816.3010904406,17.0,28.0,45.0,0.1232876712328767
United Kingdom,GBR,2019,86.0355485716827,50064.9605582187,30.0,50.0,80.0,0.2191780821917808
United States,USA,2019,82.631754842272,65227.9565911035,109.0,70.0,179.0,0.4904109589041096
Uruguay,URY,2019,78.1354205907385,25782.6890198871,5.0,74.0,79.0,0.21643835616438356
Uzbekistan,UZB,2019,54.3038784595069,8544.08026729718,9.0,8.0,17.0,0.04657534246575343
Vanuatu,VUT,2019,85.3288204219783,3314.66721352425,13.0,11.0,24.0,0.06575342465753424
Viet Nam,VNM,2019,87.1150472663483,11029.2732083963,25.0,66.0,91.0,0.2493150684931507
Virgin Islands (U.S.),VIR,2019,93.289667896679,40021.7775798024,24.0,69.0,93.0,0.2547945205479452
West Bank and Gaza,PSE,2019,25.8395063463728,6508.44835080318,16.0,82.0,98.0,0.2684931506849315
Zambia,ZMB,2019,77.6611738787419,3361.39750299612,15.0,25.0,40.0,0.1095890410958904
Zimbabwe,ZWE,2019,84.4339688234394,4165.55567835558,16.0,36.0,52.0,0.14246575342465753
